年度,リーグ,ステージ,試合No,日付,時間,チーム名,選手名,スコア,着順,試合,得点,選手ID
2026,Bリーグ,レギュラー, 1 ,2026/05/25,21:22:41,Vertice,みーやん19,64.6,1着,第一試合,44600,P0192
2026,Bリーグ,レギュラー, 1 ,2026/05/25,21:22:41,他力本願寺,たくおっち,15.2,2着,,35200,P0132
2026,Bリーグ,レギュラー, 1 ,2026/05/25,21:22:41,おたまーず,エイデン二号機,-23.4,3着,,16600,P0075
2026,Bリーグ,レギュラー, 1 ,2026/05/25,21:22:41,La vie en Rose,シェリさん,-56.4,4着,,3600,P0112
2026,Aリーグ,レギュラー, 2 ,2026/05/25,21:31:24,電光石火,EmperorTime,60.1,1着,第一試合,40100,P0024
2026,Aリーグ,レギュラー, 2 ,2026/05/25,21:31:24,たちこまーず,坊や哲,7.2,2着,,27200,P0310
2026,Aリーグ,レギュラー, 2 ,2026/05/25,21:31:24,レッドリボン軍,かじ,-23.2,3着,,16800,P0090
2026,Aリーグ,レギュラー, 2 ,2026/05/25,21:31:24,最強位ズ,リョータ,-44.1,4着,,15900,P0217
2026,Aリーグ,レギュラー, 3 ,2026/05/25,21:38:36,SSブルーバーズ,きめっち,62.7,1着,第一試合,42700,P0095
2026,Aリーグ,レギュラー, 3 ,2026/05/25,21:38:36,MJ東京,えんがわ,1.9,2着,,21900,P0078
2026,Aリーグ,レギュラー, 3 ,2026/05/25,21:38:36,MJAC愛好会,おかぴー,-19.1,3着,,20900,P0079
2026,Aリーグ,レギュラー, 3 ,2026/05/25,21:38:36,SILVER WOLVES,松崎真也,-45.5,4着,,14500,P0276
2026,Bリーグ,レギュラー, 4 ,2026/05/25,21:40:26,IRU,猪突猛進男,81.2,1着,第一試合,61200,P0299
2026,Bリーグ,レギュラー, 4 ,2026/05/25,21:40:26,楽しめばイイ雀,わたちゃん,2.7,2着,,22700,P0226
2026,Bリーグ,レギュラー, 4 ,2026/05/25,21:40:26,教室生☆KSC,Anmi,-22.0,3着,,18000,P0016
2026,Bリーグ,レギュラー, 4 ,2026/05/25,21:40:26,Brave Revengers,りきまーる,-61.9,4着,,-1900,P0214
2026,Aリーグ,レギュラー, 5 ,2026/05/25,21:46:47,ＺＯＯ,戯言遣い,105.0,1着,第一試合,85000,P0242
2026,Aリーグ,レギュラー, 5 ,2026/05/25,21:46:47,enjoyすればイイ雀！,じゅねこ,-4.7,2着,,15300,P0116
2026,Aリーグ,レギュラー, 5 ,2026/05/25,21:46:47,武装,ツナマヨ,-40.0,3着,,0,P0138
2026,Aリーグ,レギュラー, 5 ,2026/05/25,21:46:47,HIVE,ぼうや@HIVE,-60.3,4着,,-300,P0177
2026,Bリーグ,レギュラー, 6 ,2026/05/25,21:51:09,Team MJ lovers,小林宏康,48.1,1着,第一試合,28100,P0275
2026,Bリーグ,レギュラー, 6 ,2026/05/25,21:51:09,TEAM AJITO,神田大行,6.8,2着,,26800,P0282
2026,Bリーグ,レギュラー, 6 ,2026/05/25,21:51:09,さわやかMJ野郎の会,パイ乙戦士全ツ,-17.0,3着,,23000,P0156
2026,Bリーグ,レギュラー, 6 ,2026/05/25,21:51:09,チートイズ,014のりたま,-37.9,4着,,22100,P0011
2026,Bリーグ,レギュラー, 7 ,2026/05/25,22:27:05,IRU,奥山瞭,71.7,1着,第二試合,51700,P0216
2026,Bリーグ,レギュラー, 7 ,2026/05/25,22:27:05,楽しめばイイ雀,くすだま,7.1,2着,,27100,P0098
2026,Bリーグ,レギュラー, 7 ,2026/05/25,22:27:05,Brave Revengers,仇森龍,-19.6,3着,,20400,P0245
2026,Bリーグ,レギュラー, 7 ,2026/05/25,22:27:05,教室生☆KSC,悠紀子,-59.2,4着,,800,P0318
2026,Aリーグ,レギュラー, 8 ,2026/05/25,22:34:03,enjoyすればイイ雀！,ブロッケンG,55.0,1着,第二試合,35000,P0170
2026,Aリーグ,レギュラー, 8 ,2026/05/25,22:34:03,HIVE,せいたろう,9.3,2着,,29300,P0122
2026,Aリーグ,レギュラー, 8 ,2026/05/25,22:34:03,ＺＯＯ,rinruka,-11.1,3着,,28900,P0052
2026,Aリーグ,レギュラー, 8 ,2026/05/25,22:34:03,武装,フィクション,-53.2,4着,,6800,P0165
2026,Bリーグ,レギュラー, 9 ,2026/05/25,22:35:49,さわやかMJ野郎の会,ソニア@SMY会,74.6,1着,第二試合,54600,P0127
2026,Bリーグ,レギュラー, 9 ,2026/05/25,22:35:49,Team MJ lovers,小林宏康,11.3,2着,,31300,P0275
2026,Bリーグ,レギュラー, 9 ,2026/05/25,22:35:49,チートイズ,しげぞー,-28.8,3着,,11200,P0114
2026,Bリーグ,レギュラー, 9 ,2026/05/25,22:35:49,TEAM AJITO,chemi,-57.1,4着,,2900,P0022
2026,Aリーグ,レギュラー, 10 ,2026/05/25,22:38:40,SILVER WOLVES,橋本るり子,57.0,1着,第二試合,37000,P0249
2026,Aリーグ,レギュラー, 10 ,2026/05/25,22:38:40,SSブルーバーズ,鈴木正道,12.2,2着,,32200,P0004
2026,Aリーグ,レギュラー, 10 ,2026/05/25,22:38:40,MJ東京,Mychemi,-14.2,3着,,25800,P0044
2026,Aリーグ,レギュラー, 10 ,2026/05/25,22:38:40,MJAC愛好会,教室生 ユウ,-55.0,4着,,5000,P0248
2026,Aリーグ,レギュラー, 11 ,2026/05/25,22:45:47,たちこまーず,よつば@tobi,58.2,1着,第二試合,38200,P0211
2026,Aリーグ,レギュラー, 11 ,2026/05/25,22:45:47,レッドリボン軍,カオス,15.9,2着,,35900,P0089
2026,Aリーグ,レギュラー, 11 ,2026/05/25,22:45:47,最強位ズ,ダイゴ＠LA,-19.2,3着,,20800,P0130
2026,Aリーグ,レギュラー, 11 ,2026/05/25,22:45:47,電光石火,どっち？弾平,-54.9,4着,,5100,P0143
2026,Bリーグ,レギュラー, 12 ,2026/05/25,22:55:43,Vertice,みーやん19,75.1,1着,第二試合,55100,P0192
2026,Bリーグ,レギュラー, 12 ,2026/05/25,22:55:43,おたまーず,樹央,-0.7,2着,,19300,P0268
2026,Bリーグ,レギュラー, 12 ,2026/05/25,22:55:43,他力本願寺,とり,-25.2,3着,,14800,P0148
2026,Bリーグ,レギュラー, 12 ,2026/05/25,22:55:43,La vie en Rose,ふとふと,-49.2,4着,,10800,P0167
2026,Bリーグ,レギュラー, 13 ,2026/05/26,21:32:43,おたまーず,エイデン二号機,62.9,1着,第一試合,42900,P0075
2026,Bリーグ,レギュラー, 13 ,2026/05/26,21:32:43,Vertice,moka,7.7,2着,,27700,P0042
2026,Bリーグ,レギュラー, 13 ,2026/05/26,21:32:43,教室生☆KSC,Anmi,-16.1,3着,,23900,P0016
2026,Bリーグ,レギュラー, 13 ,2026/05/26,21:32:43,TEAM AJITO,TOM,-54.5,4着,,5500,P0057
2026,Bリーグ,レギュラー, 14 ,2026/05/26,21:38:24,他力本願寺,YOU太郎,64.7,1着,第一試合,44700,P0064
2026,Bリーグ,レギュラー, 14 ,2026/05/26,21:38:24,Brave Revengers,みり,6.7,2着,,26700,P0196
2026,Bリーグ,レギュラー, 14 ,2026/05/26,21:38:24,IRU,aoking,-24.4,3着,,15600,P0017
2026,Bリーグ,レギュラー, 14 ,2026/05/26,21:38:24,チートイズ,公務員麻雀M,-47.0,4着,,13000,P0258
2026,Bリーグ,レギュラー, 15 ,2026/05/26,21:41:52,La vie en Rose,まんまる,57.7,1着,第一試合,37700,P0190
2026,Bリーグ,レギュラー, 15 ,2026/05/26,21:41:52,さわやかMJ野郎の会,つよ,8.6,2着,,28600,P0139
2026,Bリーグ,レギュラー, 15 ,2026/05/26,21:41:52,Team MJ lovers,溝渕智也,-21.6,3着,,18400,P0259
2026,Bリーグ,レギュラー, 15 ,2026/05/26,21:41:52,楽しめばイイ雀,小四喜大好き,-44.7,4着,,15300,P0272
2026,Aリーグ,レギュラー, 16 ,2026/05/26,21:44:38,武装,しんじゃうツモ,58.2,1着,第一試合,38200,P0119
2026,Aリーグ,レギュラー, 16 ,2026/05/26,21:44:38,HIVE,カルア,9.8,2着,,29800,P0093
2026,Aリーグ,レギュラー, 16 ,2026/05/26,21:44:38,SSブルーバーズ,おむ,-23.5,3着,,16500,P0086
2026,Aリーグ,レギュラー, 16 ,2026/05/26,21:44:38,電光石火,魔王,-44.5,4着,,15500,P0312
2026,Aリーグ,レギュラー, 17 ,2026/05/26,21:56:34,レッドリボン軍,とと,89.7,1着,第一試合,69700,P0144
2026,Aリーグ,レギュラー, 17 ,2026/05/26,21:56:34,MJ東京,キラ、,22.9,2着,,42900,P0096
2026,Aリーグ,レギュラー, 17 ,2026/05/26,21:56:34,enjoyすればイイ雀！,かに,-40.1,3着,,-100,P0091
2026,Aリーグ,レギュラー, 17 ,2026/05/26,21:56:34,たちこまーず,おしゃる,-72.5,4着,,-12500,P0082
2026,Bリーグ,レギュラー, 18 ,2026/05/26,22:27:59,教室生☆KSC,Redstar,52.6,1着,第二試合,32600,P0051
2026,Bリーグ,レギュラー, 18 ,2026/05/26,22:27:59,TEAM AJITO,支援紳士,8.8,2着,,28800,P0265
2026,Bリーグ,レギュラー, 18 ,2026/05/26,22:27:59,おたまーず,鰤トニー,-17.2,3着,,22800,P0326
2026,Bリーグ,レギュラー, 18 ,2026/05/26,22:27:59,Vertice,ゆうー,-44.2,4着,,15800,P0203
2026,Bリーグ,レギュラー, 19 ,2026/05/26,22:31:15,La vie en Rose,３１０７,64.6,1着,第二試合,44600,P0013
2026,Bリーグ,レギュラー, 19 ,2026/05/26,22:31:15,Team MJ lovers,溝渕智也,-0.6,2着,,19400,P0259
2026,Bリーグ,レギュラー, 19 ,2026/05/26,22:31:15,さわやかMJ野郎の会,だてまきたまご,-20.8,3着,,19200,P0135
2026,Bリーグ,レギュラー, 19 ,2026/05/26,22:31:15,楽しめばイイ雀,Kou,-43.2,4着,,16800,P0038
2026,Bリーグ,レギュラー, 20 ,2026/05/26,22:34:57,Brave Revengers,だーはら,65.7,1着,第二試合,45700,P0129
2026,Bリーグ,レギュラー, 20 ,2026/05/26,22:34:57,IRU,？？？？？,6.5,2着,,26500,P0001
2026,Bリーグ,レギュラー, 20 ,2026/05/26,22:34:57,チートイズ,あすてる,-14.1,3着,,25900,P0067
2026,Bリーグ,レギュラー, 20 ,2026/05/26,22:34:57,他力本願寺,まんまるきや,-58.1,4着,,1900,P0191
2026,Aリーグ,レギュラー, 21 ,2026/05/26,22:36:12,レッドリボン軍,レッド総帥,28.2,1着,第二試合,8200,P0221
2026,Aリーグ,レギュラー, 21 ,2026/05/26,22:36:12,たちこまーず,シクラメン富男,28.2,1着,,8200,P0113
2026,Aリーグ,レギュラー, 21 ,2026/05/26,22:36:12,MJ東京,aimoni,-15.1,3着,,24900,P0015
2026,Aリーグ,レギュラー, 21 ,2026/05/26,22:36:12,enjoyすればイイ雀！,みや,-41.3,4着,,18700,P0195
2026,Aリーグ,レギュラー, 22 ,2026/05/26,22:37:10,MJAC愛好会,ロッキンポ,52.0,1着,第一試合,32000,P0223
2026,Aリーグ,レギュラー, 22 ,2026/05/26,22:37:10,SILVER WOLVES,阿賀寿直,9.1,2着,,29100,P0228
2026,Aリーグ,レギュラー, 22 ,2026/05/26,22:37:10,最強位ズ,Hiromu,-18.6,3着,,21400,P0030
2026,Aリーグ,レギュラー, 22 ,2026/05/26,22:37:10,ＺＯＯ,すー,-42.5,4着,,17500,P0121
2026,Aリーグ,レギュラー, 23 ,2026/05/26,22:45:58,SILVER WOLVES,上野あいみ,66.6,1着,第二試合,46600,P0279
2026,Aリーグ,レギュラー, 23 ,2026/05/26,22:45:58,MJAC愛好会,冬のミルク,5.5,2着,,25500,P0304
2026,Aリーグ,レギュラー, 23 ,2026/05/26,22:45:58,最強位ズ,ブ茶ラティ,-17.2,3着,,22800,P0171
2026,Aリーグ,レギュラー, 23 ,2026/05/26,22:45:58,ＺＯＯ,Bu Ki Chi,-54.9,4着,,5100,P0020
2026,Aリーグ,レギュラー, 24 ,2026/05/26,22:47:55,SSブルーバーズ,ポテト吉野,78.8,1着,第二試合,58800,P0181
2026,Aリーグ,レギュラー, 24 ,2026/05/26,22:47:55,武装,アベキング,12.0,2着,,32000,P0070
2026,Aリーグ,レギュラー, 24 ,2026/05/26,22:47:55,電光石火,けっけ,-34.1,3着,,5900,P0102
2026,Aリーグ,レギュラー, 24 ,2026/05/26,22:47:55,HIVE,最後のZ戦士達,-56.7,4着,,3300,P0261
2026,Aリーグ,レギュラー, 25 ,2026/05/28,21:27:01,武装,ゆんゆん,58.5,1着,第一試合,38500,P0210
2026,Aリーグ,レギュラー, 25 ,2026/05/28,21:27:01,HIVE,郷 ひろし,7.5,2着,,27500,P0250
2026,Aリーグ,レギュラー, 25 ,2026/05/28,21:27:01,最強位ズ,ｒｒｒｒｒｒ,-20.3,3着,,19700,P0053
2026,Aリーグ,レギュラー, 25 ,2026/05/28,21:27:01,レッドリボン軍,小倉唯,-45.7,4着,,14300,P0273
2026,Bリーグ,レギュラー, 26 ,2026/05/28,21:32:37,他力本願寺,灰鶴,64.4,1着,第一試合,44400,P0239
2026,Bリーグ,レギュラー, 26 ,2026/05/28,21:32:37,さわやかMJ野郎の会,はなびん,1.5,2着,,21500,P0159
2026,Bリーグ,レギュラー, 26 ,2026/05/28,21:32:37,教室生☆KSC,元教室生タク,-20.6,3着,,19400,P0255
2026,Bリーグ,レギュラー, 26 ,2026/05/28,21:32:37,楽しめばイイ雀,nana.jo,-45.3,4着,,14700,P0045
2026,Aリーグ,レギュラー, 27 ,2026/05/28,21:35:57,ＺＯＯ,戯言遣い,71.4,1着,第一試合,51400,P0242
2026,Aリーグ,レギュラー, 27 ,2026/05/28,21:35:57,電光石火,k-k,2.9,2着,,22900,P0034
2026,Aリーグ,レギュラー, 27 ,2026/05/28,21:35:57,enjoyすればイイ雀！,銀河,-23.3,3着,,16700,P0253
2026,Aリーグ,レギュラー, 27 ,2026/05/28,21:35:57,SILVER WOLVES,まーくん RMU,-51.0,4着,,9000,P0184
2026,Bリーグ,レギュラー, 28 ,2026/05/28,21:41:19,チートイズ,じんぱぱ,60.9,1着,第一試合,40900,P0120
2026,Bリーグ,レギュラー, 28 ,2026/05/28,21:41:19,Team MJ lovers,喜多剛士@μ,12.1,2着,,32100,P0241
2026,Bリーグ,レギュラー, 28 ,2026/05/28,21:41:19,TEAM AJITO,KGRS,-8.4,3着,,31600,P0037
2026,Bリーグ,レギュラー, 28 ,2026/05/28,21:41:19,Vertice,抹茶,-64.6,4着,,-4600,P0314
2026,Aリーグ,レギュラー, 29 ,2026/05/28,21:45:47,たちこまーず,JILL,63.6,1着,第一試合,43600,P0033
2026,Aリーグ,レギュラー, 29 ,2026/05/28,21:45:47,MJ東京,J,17.9,2着,,37900,P0032
2026,Aリーグ,レギュラー, 29 ,2026/05/28,21:45:47,MJAC愛好会,つかぴー,-24.1,3着,,15900,P0137
2026,Aリーグ,レギュラー, 29 ,2026/05/28,21:45:47,SSブルーバーズ,Hara,-57.4,4着,,2600,P0029
2026,Bリーグ,レギュラー, 30 ,2026/05/28,21:53:07,おたまーず,くれば,67.3,1着,第一試合,47300,P0101
2026,Bリーグ,レギュラー, 30 ,2026/05/28,21:53:07,Brave Revengers,nesre,8.9,2着,,28900,P0047
2026,Bリーグ,レギュラー, 30 ,2026/05/28,21:53:07,La vie en Rose,ポルタ,-26.8,3着,,13200,P0182
2026,Bリーグ,レギュラー, 30 ,2026/05/28,21:53:07,IRU,奥山瞭,-49.4,4着,,10600,P0216
2026,Aリーグ,レギュラー, 31 ,2026/05/28,22:27:59,MJ東京,えんがわ,61.6,1着,第二試合,41600,P0078
2026,Aリーグ,レギュラー, 31 ,2026/05/28,22:27:59,MJAC愛好会,亜空間コツボー,16.5,2着,,36500,P0227
2026,Aリーグ,レギュラー, 31 ,2026/05/28,22:27:59,たちこまーず,はち,-19.6,3着,,20400,P0157
2026,Aリーグ,レギュラー, 31 ,2026/05/28,22:27:59,SSブルーバーズ,ハナノア,-58.5,4着,,1500,P0158
2026,Aリーグ,レギュラー, 32 ,2026/05/28,22:34:31,HIVE,ぽこぽこぽこり,58.9,1着,第二試合,38900,P0179
2026,Aリーグ,レギュラー, 32 ,2026/05/28,22:34:31,武装,赤哲,14.0,2着,,34000,P0288
2026,Aリーグ,レギュラー, 32 ,2026/05/28,22:34:31,最強位ズ,ねこます,-21.8,3着,,18200,P0155
2026,Aリーグ,レギュラー, 32 ,2026/05/28,22:34:31,レッドリボン軍,ベヘリット,-51.1,4着,,8900,P0174
2026,Bリーグ,レギュラー, 33 ,2026/05/28,22:35:31,おたまーず,樹央,53.3,1着,第二試合,33300,P0268
2026,Bリーグ,レギュラー, 33 ,2026/05/28,22:35:31,La vie en Rose,シェリさん,4.2,2着,,24200,P0112
2026,Bリーグ,レギュラー, 33 ,2026/05/28,22:35:31,Brave Revengers,ペン,-18.3,3着,,21700,P0175
2026,Bリーグ,レギュラー, 33 ,2026/05/28,22:35:31,IRU,蒼,-39.2,4着,,20800,P0293
2026,Bリーグ,レギュラー, 34 ,2026/05/28,22:38:30,教室生☆KSC,元教室生タク,51.7,1着,第二試合,31700,P0255
2026,Bリーグ,レギュラー, 34 ,2026/05/28,22:38:30,楽しめばイイ雀,七対子大好き,8.3,2着,,28300,P0267
2026,Bリーグ,レギュラー, 34 ,2026/05/28,22:38:30,さわやかMJ野郎の会,★月刃★,-15.6,3着,,24400,P0006
2026,Bリーグ,レギュラー, 34 ,2026/05/28,22:38:30,他力本願寺,とり,-44.4,4着,,15600,P0148
2026,Bリーグ,レギュラー, 35 ,2026/05/28,22:48:26,TEAM AJITO,明信,75.4,1着,第二試合,55400,P0315
2026,Bリーグ,レギュラー, 35 ,2026/05/28,22:48:26,チートイズ,あすてる,11.5,2着,,31500,P0067
2026,Bリーグ,レギュラー, 35 ,2026/05/28,22:48:26,Team MJ lovers,ゆっしー@,-29.6,3着,,10400,P0207
2026,Bリーグ,レギュラー, 35 ,2026/05/28,22:48:26,Vertice,しょう&るな,-57.3,4着,,2700,P0117
2026,Aリーグ,レギュラー, 36 ,2026/05/28,22:54:17,ＺＯＯ,ご飯にバター,77.8,1着,第二試合,57800,P0106
2026,Aリーグ,レギュラー, 36 ,2026/05/28,22:54:17,enjoyすればイイ雀！,せなmam@,21.9,2着,,41900,P0124
2026,Aリーグ,レギュラー, 36 ,2026/05/28,22:54:17,SILVER WOLVES,店長倍損の上司,-20.1,3着,,19900,P0302
2026,Aリーグ,レギュラー, 36 ,2026/05/28,22:54:17,電光石火,フミオ,-79.6,4着,,-19600,P0168
2026,Bリーグ,レギュラー, 37 ,2026/05/29,21:27:09,チートイズ,しげぞー,72.7,1着,第一試合,52700,P0114
2026,Bリーグ,レギュラー, 37 ,2026/05/29,21:27:09,おたまーず,羽田暁音,17.2,2着,,37200,P0232
2026,Bリーグ,レギュラー, 37 ,2026/05/29,21:27:09,さわやかMJ野郎の会,黙示録@SMY会,-13.9,3着,,26100,P0316
2026,Bリーグ,レギュラー, 37 ,2026/05/29,21:27:09,教室生☆KSC,Redstar,-76.0,4着,,-16000,P0051
2026,Aリーグ,レギュラー, 38 ,2026/05/29,21:31:50,SILVER WOLVES,松崎真也,65.1,1着,第一試合,45100,P0276
2026,Aリーグ,レギュラー, 38 ,2026/05/29,21:31:50,レッドリボン軍,梁瀬健太郎,24.6,2着,,44600,P0063
2026,Aリーグ,レギュラー, 38 ,2026/05/29,21:31:50,enjoyすればイイ雀！,Blush,-28.6,3着,,11400,P0019
2026,Aリーグ,レギュラー, 38 ,2026/05/29,21:31:50,SSブルーバーズ,サヴェ松田,-61.1,4着,,-1100,P0107
2026,Aリーグ,レギュラー, 39 ,2026/05/29,21:37:14,武装,年賀状,64.5,1着,第一試合,44500,P0307
2026,Aリーグ,レギュラー, 39 ,2026/05/29,21:37:14,ＺＯＯ,サンタマルコ,3.5,2着,,23500,P0110
2026,Aリーグ,レギュラー, 39 ,2026/05/29,21:37:14,最強位ズ,Hiromu,-21.9,3着,,18100,P0030
2026,Aリーグ,レギュラー, 39 ,2026/05/29,21:37:14,MJAC愛好会,ロンリーボーイ,-46.1,4着,,13900,P0224
2026,Bリーグ,レギュラー, 40 ,2026/05/29,21:41:24,楽しめばイイ雀,ゆうやなのだ,56.2,1着,第一試合,36200,P0205
2026,Bリーグ,レギュラー, 40 ,2026/05/29,21:41:24,La vie en Rose,匕首◆,8.5,2着,,28500,P0325
2026,Bリーグ,レギュラー, 40 ,2026/05/29,21:41:24,IRU,？？？？？,-19.9,3着,,20100,P0001
2026,Bリーグ,レギュラー, 40 ,2026/05/29,21:41:24,Team MJ lovers,μゆぅちゃん,-44.8,4着,,15200,P0327
2026,Aリーグ,レギュラー, 41 ,2026/05/29,21:42:17,電光石火,魔王,77.4,1着,第一試合,57400,P0312
2026,Aリーグ,レギュラー, 41 ,2026/05/29,21:42:17,たちこまーず,たちこま,5.3,2着,,25300,P0134
2026,Aリーグ,レギュラー, 41 ,2026/05/29,21:42:17,MJ東京,aimoni,-27.8,3着,,12200,P0015
2026,Aリーグ,レギュラー, 41 ,2026/05/29,21:42:17,HIVE,ぼうや@HIVE,-54.9,4着,,5100,P0177
2026,Bリーグ,レギュラー, 42 ,2026/05/29,21:47:50,他力本願寺,YOU太郎,82.1,1着,第一試合,62100,P0064
2026,Bリーグ,レギュラー, 42 ,2026/05/29,21:47:50,TEAM AJITO,ヤス,6.1,2着,,26100,P0199
2026,Bリーグ,レギュラー, 42 ,2026/05/29,21:47:50,Brave Revengers,サブ垢先輩,-29.0,3着,,11000,P0109
2026,Bリーグ,レギュラー, 42 ,2026/05/29,21:47:50,Vertice,抹茶,-59.2,4着,,800,P0314
2026,Aリーグ,レギュラー, 43 ,2026/05/29,22:27:00,電光石火,EmperorTime,79.2,1着,第二試合,59200,P0024
2026,Aリーグ,レギュラー, 43 ,2026/05/29,22:27:00,HIVE,せいたろう,-1.0,2着,,19000,P0122
2026,Aリーグ,レギュラー, 43 ,2026/05/29,22:27:00,MJ東京,キレそう,-25.5,3着,,14500,P0097
2026,Aリーグ,レギュラー, 43 ,2026/05/29,22:27:00,たちこまーず,まぽぽ,-52.7,4着,,7300,P0188
2026,Bリーグ,レギュラー, 44 ,2026/05/29,22:29:09,教室生☆KSC,☆魔雀T塾生☆,58.5,1着,第一試合,38500,P0010
2026,Bリーグ,レギュラー, 44 ,2026/05/29,22:29:09,さわやかMJ野郎の会,黒太郎@SMY会,11.3,2着,,31300,P0260
2026,Bリーグ,レギュラー, 44 ,2026/05/29,22:29:09,おたまーず,鰤トニー,-24.3,3着,,15700,P0326
2026,Bリーグ,レギュラー, 44 ,2026/05/29,22:29:09,チートイズ,おさやスイープ,-45.5,4着,,14500,P0081
2026,Bリーグ,レギュラー, 45 ,2026/05/29,22:30:11,Team MJ lovers,μゆぅちゃん,59.1,1着,第二試合,39100,P0327
2026,Bリーグ,レギュラー, 45 ,2026/05/29,22:30:11,La vie en Rose,なほみん,6.6,2着,,26600,P0153
2026,Bリーグ,レギュラー, 45 ,2026/05/29,22:30:11,楽しめばイイ雀,小四喜大好き,-15.7,3着,,24300,P0272
2026,Bリーグ,レギュラー, 45 ,2026/05/29,22:30:11,IRU,uki,-50.0,4着,,10000,P0059
2026,Aリーグ,レギュラー, 46 ,2026/05/29,22:36:08,武装,とむとむ,56.5,1着,第二試合,36500,P0146
2026,Aリーグ,レギュラー, 46 ,2026/05/29,22:36:08,MJAC愛好会,打撃系ヤルカツ,6.1,2着,,26100,P0295
2026,Aリーグ,レギュラー, 46 ,2026/05/29,22:36:08,最強位ズ,まびたん,-17.8,3着,,22200,P0187
2026,Aリーグ,レギュラー, 46 ,2026/05/29,22:36:08,ＺＯＯ,戯言遣い,-44.8,4着,,15200,P0242
2026,Bリーグ,レギュラー, 47 ,2026/05/29,22:39:29,Vertice,フィーレン,61.8,1着,第二試合,41800,P0164
2026,Bリーグ,レギュラー, 47 ,2026/05/29,22:39:29,他力本願寺,たくおっち,7.9,2着,,27900,P0132
2026,Bリーグ,レギュラー, 47 ,2026/05/29,22:39:29,TEAM AJITO,ｋｅｎ@あじと,-18.5,3着,,21500,P0036
2026,Bリーグ,レギュラー, 47 ,2026/05/29,22:39:29,Brave Revengers,りゅー,-51.2,4着,,8800,P0215
2026,Aリーグ,レギュラー, 48 ,2026/05/29,22:40:37,レッドリボン軍,くまさぶろー,73.3,1着,第二試合,53300,P0100
2026,Aリーグ,レギュラー, 48 ,2026/05/29,22:40:37,SILVER WOLVES,田口淳之介,24.3,2着,,44300,P0269
2026,Aリーグ,レギュラー, 48 ,2026/05/29,22:40:37,enjoyすればイイ雀！,べびたん,-24.0,3着,,16000,P0173
2026,Aリーグ,レギュラー, 48 ,2026/05/29,22:40:37,SSブルーバーズ,サヴェ松田,-73.6,4着,,-13600,P0107
2026,Aリーグ,レギュラー, 49 ,2026/06/01,21:29:58,MJ東京,葛餅,64.6,1着,第一試合,44600,P0240
2026,Aリーグ,レギュラー, 49 ,2026/06/01,21:29:58,enjoyすればイイ雀！,かに,11.3,2着,,31300,P0091
2026,Aリーグ,レギュラー, 49 ,2026/06/01,21:29:58,電光石火,けっけ,-27.1,3着,,12900,P0102
2026,Aリーグ,レギュラー, 49 ,2026/06/01,21:29:58,ＺＯＯ,ご飯にバター,-48.8,4着,,11200,P0106
2026,Bリーグ,レギュラー, 50 ,2026/06/01,21:31:18,さわやかMJ野郎の会,つよ,61.3,1着,第一試合,41300,P0139
2026,Bリーグ,レギュラー, 50 ,2026/06/01,21:31:18,おたまーず,エイデン二号機,16.1,2着,,36100,P0075
2026,Bリーグ,レギュラー, 50 ,2026/06/01,21:31:18,Team MJ lovers,喜多剛士@μ,-9.4,3着,,30600,P0241
2026,Bリーグ,レギュラー, 50 ,2026/06/01,21:31:18,Brave Revengers,仇森龍,-68.0,4着,,-8000,P0245
2026,Bリーグ,レギュラー, 51 ,2026/06/01,21:40:22,楽しめばイイ雀,小四喜大好き,77.9,1着,第一試合,57900,P0272
2026,Bリーグ,レギュラー, 51 ,2026/06/01,21:40:22,他力本願寺,灰鶴,3.0,2着,,23000,P0239
2026,Bリーグ,レギュラー, 51 ,2026/06/01,21:40:22,教室生☆KSC,w-baby,-17.6,3着,,22400,P0060
2026,Bリーグ,レギュラー, 51 ,2026/06/01,21:40:22,TEAM AJITO,ｋｅｎ@あじと,-63.3,4着,,-3300,P0036
2026,Aリーグ,レギュラー, 52 ,2026/06/01,21:48:23,たちこまーず,ミズゴロウ♂,70.8,1着,第一試合,50800,P0193
2026,Aリーグ,レギュラー, 52 ,2026/06/01,21:48:23,武装,ツナマヨ,5.1,2着,,25100,P0138
2026,Aリーグ,レギュラー, 52 ,2026/06/01,21:48:23,最強位ズ,リョータ,-20.4,3着,,19600,P0217
2026,Aリーグ,レギュラー, 52 ,2026/06/01,21:48:23,SSブルーバーズ,おむ,-55.5,4着,,4500,P0086
2026,Bリーグ,レギュラー, 53 ,2026/06/01,21:51:53,La vie en Rose,ジョーカー,68.3,1着,第一試合,48300,P0118
2026,Bリーグ,レギュラー, 53 ,2026/06/01,21:51:53,Vertice,ゆうー,24.2,2着,,44200,P0203
2026,Bリーグ,レギュラー, 53 ,2026/06/01,21:51:53,IRU,aoking,-25.5,3着,,14500,P0017
2026,Bリーグ,レギュラー, 53 ,2026/06/01,21:51:53,チートイズ,公務員麻雀M,-67.0,4着,,-7000,P0258
2026,Aリーグ,レギュラー, 54 ,2026/06/01,21:52:13,SILVER WOLVES,阿賀寿直,71.1,1着,第一試合,51100,P0228
2026,Aリーグ,レギュラー, 54 ,2026/06/01,21:52:13,MJAC愛好会,おかぴー,22.2,2着,,42200,P0079
2026,Aリーグ,レギュラー, 54 ,2026/06/01,21:52:13,レッドリボン軍,カオス,-36.3,3着,,3700,P0089
2026,Aリーグ,レギュラー, 54 ,2026/06/01,21:52:13,HIVE,ぽこぽこぽこり,-57.0,4着,,3000,P0179
2026,Bリーグ,レギュラー, 55 ,2026/06/01,22:25:37,Brave Revengers,nesre,54.0,1着,第二試合,34000,P0047
2026,Bリーグ,レギュラー, 55 ,2026/06/01,22:25:37,Team MJ lovers,中出雄介,3.8,2着,,23800,P0298
2026,Bリーグ,レギュラー, 55 ,2026/06/01,22:25:37,さわやかMJ野郎の会,海賊王,-16.5,3着,,23500,P0238
2026,Bリーグ,レギュラー, 55 ,2026/06/01,22:25:37,おたまーず,くれば,-41.3,4着,,18700,P0101
2026,Bリーグ,レギュラー, 56 ,2026/06/01,22:27:24,楽しめばイイ雀,小四喜大好き,73.2,1着,第二試合,53200,P0272
2026,Bリーグ,レギュラー, 56 ,2026/06/01,22:27:24,他力本願寺,桐生れいか,11.6,2着,,31600,P0252
2026,Bリーグ,レギュラー, 56 ,2026/06/01,22:27:24,教室生☆KSC,悠紀子,-31.7,3着,,8300,P0318
2026,Bリーグ,レギュラー, 56 ,2026/06/01,22:27:24,TEAM AJITO,明信,-53.1,4着,,6900,P0315
2026,Aリーグ,レギュラー, 57 ,2026/06/01,22:32:53,enjoyすればイイ雀！,Blush,58.1,1着,第二試合,38100,P0019
2026,Aリーグ,レギュラー, 57 ,2026/06/01,22:32:53,MJ東京,aimoni,7.9,2着,,27900,P0015
2026,Aリーグ,レギュラー, 57 ,2026/06/01,22:32:53,電光石火,EmperorTime,-15.2,3着,,24800,P0024
2026,Aリーグ,レギュラー, 57 ,2026/06/01,22:32:53,ＺＯＯ,rinruka,-50.8,4着,,9200,P0052
2026,Aリーグ,レギュラー, 58 ,2026/06/01,22:33:35,最強位ズ,まびたん,63.8,1着,第二試合,43800,P0187
2026,Aリーグ,レギュラー, 58 ,2026/06/01,22:33:35,武装,しんじゃうツモ,9.6,2着,,29600,P0119
2026,Aリーグ,レギュラー, 58 ,2026/06/01,22:33:35,SSブルーバーズ,鈴木正道,-18.0,3着,,22000,P0004
2026,Aリーグ,レギュラー, 58 ,2026/06/01,22:33:35,たちこまーず,まぽぽ,-55.4,4着,,4600,P0188
2026,Aリーグ,レギュラー, 59 ,2026/06/01,22:39:26,レッドリボン軍,かじ,56.5,1着,第二試合,36500,P0090
2026,Aリーグ,レギュラー, 59 ,2026/06/01,22:39:26,SILVER WOLVES,田口淳之介,11.7,2着,,31700,P0269
2026,Aリーグ,レギュラー, 59 ,2026/06/01,22:39:26,MJAC愛好会,湾奥アングラー,-11.5,3着,,28500,P0323
2026,Aリーグ,レギュラー, 59 ,2026/06/01,22:39:26,HIVE,最後のZ戦士達,-56.7,4着,,3300,P0261
2026,Bリーグ,レギュラー, 60 ,2026/06/01,22:51:41,IRU,猪突猛進男,70.7,1着,第二試合,50700,P0299
2026,Bリーグ,レギュラー, 60 ,2026/06/01,22:51:41,チートイズ,おさやスイープ,5.4,2着,,25400,P0081
2026,Bリーグ,レギュラー, 60 ,2026/06/01,22:51:41,Vertice,フィーレン,-25.2,3着,,14800,P0164
2026,Bリーグ,レギュラー, 60 ,2026/06/01,22:51:41,La vie en Rose,★神威★,-50.9,4着,,9100,P0007
2026,Bリーグ,レギュラー, 61 ,2026/06/02,21:29:46,他力本願寺,YOU太郎,55.6,1着,第一試合,35600,P0064
2026,Bリーグ,レギュラー, 61 ,2026/06/02,21:29:46,TEAM AJITO,神田大行,6.9,2着,,26900,P0282
2026,Bリーグ,レギュラー, 61 ,2026/06/02,21:29:46,IRU,？？？？？,-20.5,3着,,19500,P0001
2026,Bリーグ,レギュラー, 61 ,2026/06/02,21:29:46,Team MJ lovers,溝渕智也,-42.0,4着,,18000,P0259
2026,Bリーグ,レギュラー, 62 ,2026/06/02,21:30:49,おたまーず,くれば,64.2,1着,第一試合,44200,P0101
2026,Bリーグ,レギュラー, 62 ,2026/06/02,21:30:49,チートイズ,dia,16.9,2着,,36900,P0023
2026,Bリーグ,レギュラー, 62 ,2026/06/02,21:30:49,La vie en Rose,匕首◆,-18.2,3着,,21800,P0325
2026,Bリーグ,レギュラー, 62 ,2026/06/02,21:30:49,教室生☆KSC,w-baby,-62.9,4着,,-2900,P0060
2026,Bリーグ,レギュラー, 63 ,2026/06/02,21:33:46,さわやかMJ野郎の会,黒太郎@SMY会,63.5,1着,第一試合,43500,P0260
2026,Bリーグ,レギュラー, 63 ,2026/06/02,21:33:46,Brave Revengers,みり,12.3,2着,,32300,P0196
2026,Bリーグ,レギュラー, 63 ,2026/06/02,21:33:46,Vertice,フィーレン,-24.2,3着,,15800,P0164
2026,Bリーグ,レギュラー, 63 ,2026/06/02,21:33:46,楽しめばイイ雀,ゆうやなのだ,-51.6,4着,,8400,P0205
2026,Aリーグ,レギュラー, 64 ,2026/06/02,21:38:13,たちこまーず,おしゃる,61.0,1着,第一試合,41000,P0082
2026,Aリーグ,レギュラー, 64 ,2026/06/02,21:38:13,ＺＯＯ,すー,9.7,2着,,29700,P0121
2026,Aリーグ,レギュラー, 64 ,2026/06/02,21:38:13,SILVER WOLVES,松崎真也,-21.6,3着,,18400,P0276
2026,Aリーグ,レギュラー, 64 ,2026/06/02,21:38:13,HIVE,ぼうや@HIVE,-49.1,4着,,10900,P0177
2026,Aリーグ,レギュラー, 65 ,2026/06/02,21:39:21,電光石火,魔王,58.2,1着,第一試合,38200,P0312
2026,Aリーグ,レギュラー, 65 ,2026/06/02,21:39:21,MJ東京,J,16.3,2着,,36300,P0032
2026,Aリーグ,レギュラー, 65 ,2026/06/02,21:39:21,武装,アベキング,-25.8,3着,,14200,P0070
2026,Aリーグ,レギュラー, 65 ,2026/06/02,21:39:21,MJAC愛好会,ロッキンポ,-48.7,4着,,11300,P0223
2026,Aリーグ,レギュラー, 66 ,2026/06/02,21:55:10,最強位ズ,ねこます,55.7,1着,第一試合,35700,P0155
2026,Aリーグ,レギュラー, 66 ,2026/06/02,21:55:10,レッドリボン軍,とと,14.2,2着,,34200,P0144
2026,Aリーグ,レギュラー, 66 ,2026/06/02,21:55:10,enjoyすればイイ雀！,銀河,-17.6,3着,,22400,P0253
2026,Aリーグ,レギュラー, 66 ,2026/06/02,21:55:10,SSブルーバーズ,どうみき,-52.3,4着,,7700,P0141
2026,Aリーグ,レギュラー, 67 ,2026/06/02,22:27:57,enjoyすればイイ雀！,べびたん,56.3,1着,第二試合,36300,P0173
2026,Aリーグ,レギュラー, 67 ,2026/06/02,22:27:57,レッドリボン軍,なおすけ,8.1,2着,,28100,P0150
2026,Aリーグ,レギュラー, 67 ,2026/06/02,22:27:57,最強位ズ,ダイゴ＠LA,-16.6,3着,,23400,P0130
2026,Aリーグ,レギュラー, 67 ,2026/06/02,22:27:57,SSブルーバーズ,どうみき,-47.8,4着,,12200,P0141
2026,Aリーグ,レギュラー, 68 ,2026/06/02,22:28:56,MJAC愛好会,打撃系ヤルカツ,47.9,1着,第二試合,27900,P0295
2026,Aリーグ,レギュラー, 68 ,2026/06/02,22:28:56,MJ東京,葛餅,6.9,2着,,26900,P0240
2026,Aリーグ,レギュラー, 68 ,2026/06/02,22:28:56,電光石火,k-k,-14.6,3着,,25400,P0034
2026,Aリーグ,レギュラー, 68 ,2026/06/02,22:28:56,武装,乙子,-40.2,4着,,19800,P0236
2026,Aリーグ,レギュラー, 69 ,2026/06/02,22:29:49,ＺＯＯ,サンタマルコ,53.2,1着,第二試合,33200,P0110
2026,Aリーグ,レギュラー, 69 ,2026/06/02,22:29:49,たちこまーず,シクラメン富男,8.5,2着,,28500,P0113
2026,Aリーグ,レギュラー, 69 ,2026/06/02,22:29:49,HIVE,最後のZ戦士達,-15.1,3着,,24900,P0261
2026,Aリーグ,レギュラー, 69 ,2026/06/02,22:29:49,SILVER WOLVES,店長倍損の上司,-46.6,4着,,13400,P0302
2026,Bリーグ,レギュラー, 70 ,2026/06/02,22:32:37,教室生☆KSC,元教室生タク,72.3,1着,第二試合,52300,P0255
2026,Bリーグ,レギュラー, 70 ,2026/06/02,22:32:37,おたまーず,樹央,16.1,2着,,36100,P0268
2026,Bリーグ,レギュラー, 70 ,2026/06/02,22:32:37,チートイズ,014のりたま,-30.8,3着,,9200,P0011
2026,Bリーグ,レギュラー, 70 ,2026/06/02,22:32:37,La vie en Rose,シェリさん,-57.6,4着,,2400,P0112
2026,Bリーグ,レギュラー, 71 ,2026/06/02,22:35:12,さわやかMJ野郎の会,海賊王,66.6,1着,第二試合,46600,P0238
2026,Bリーグ,レギュラー, 71 ,2026/06/02,22:35:12,Brave Revengers,だーはら,2.2,2着,,22200,P0129
2026,Bリーグ,レギュラー, 71 ,2026/06/02,22:35:12,Vertice,抹茶,-20.0,3着,,20000,P0314
2026,Bリーグ,レギュラー, 71 ,2026/06/02,22:35:12,楽しめばイイ雀,Kou,-48.8,4着,,11200,P0038
2026,Bリーグ,レギュラー, 72 ,2026/06/02,22:35:29,TEAM AJITO,chemi,56.4,1着,第二試合,36400,P0022
2026,Bリーグ,レギュラー, 72 ,2026/06/02,22:35:29,IRU,蒼,9.2,2着,,29200,P0293
2026,Bリーグ,レギュラー, 72 ,2026/06/02,22:35:29,Team MJ lovers,ゆっしー@,-20.7,3着,,19300,P0207
2026,Bリーグ,レギュラー, 72 ,2026/06/02,22:35:29,他力本願寺,まんまるきや,-44.9,4着,,15100,P0191
2026,Aリーグ,レギュラー, 73 ,2026/06/04,21:29:38,電光石火,どっち？弾平,57.5,1着,第一試合,37500,P0143
2026,Aリーグ,レギュラー, 73 ,2026/06/04,21:29:38,レッドリボン軍,レッド総帥,15.9,2着,,35900,P0221
2026,Aリーグ,レギュラー, 73 ,2026/06/04,21:29:38,HIVE,カルア,-18.5,3着,,21500,P0093
2026,Aリーグ,レギュラー, 73 ,2026/06/04,21:29:38,MJAC愛好会,教室生 ユウ,-54.9,4着,,5100,P0248
2026,Aリーグ,レギュラー, 74 ,2026/06/04,21:35:04,最強位ズ,ｒｒｒｒｒｒ,69.8,1着,第一試合,49800,P0053
2026,Aリーグ,レギュラー, 74 ,2026/06/04,21:35:04,SSブルーバーズ,石田亮太,13.4,2着,,33400,P0014
2026,Aリーグ,レギュラー, 74 ,2026/06/04,21:35:04,MJ東京,キラ、,-20.4,3着,,19600,P0096
2026,Aリーグ,レギュラー, 74 ,2026/06/04,21:35:04,ＺＯＯ,ご飯にバター,-62.8,4着,,-2800,P0106
2026,Aリーグ,レギュラー, 75 ,2026/06/04,21:38:56,enjoyすればイイ雀！,みや,79.0,1着,第一試合,59000,P0195
2026,Aリーグ,レギュラー, 75 ,2026/06/04,21:38:56,たちこまーず,JILL,15.6,2着,,35600,P0033
2026,Aリーグ,レギュラー, 75 ,2026/06/04,21:38:56,SILVER WOLVES,まーくん RMU,-34.8,3着,,5200,P0184
2026,Aリーグ,レギュラー, 75 ,2026/06/04,21:38:56,武装,とむとむ,-59.8,4着,,200,P0146
2026,Bリーグ,レギュラー, 76 ,2026/06/04,21:41:34,さわやかMJ野郎の会,はなびん,59.1,1着,第一試合,39100,P0159
2026,Bリーグ,レギュラー, 76 ,2026/06/04,21:41:34,IRU,aoking,5.1,2着,,25100,P0017
2026,Bリーグ,レギュラー, 76 ,2026/06/04,21:41:34,Vertice,みーやん19,-16.9,3着,,23100,P0192
2026,Bリーグ,レギュラー, 76 ,2026/06/04,21:41:34,教室生☆KSC,Redstar,-47.3,4着,,12700,P0051
2026,Bリーグ,レギュラー, 77 ,2026/06/04,21:43:23,Team MJ lovers,小林宏康,78.1,1着,第一試合,58100,P0275
2026,Bリーグ,レギュラー, 77 ,2026/06/04,21:43:23,Brave Revengers,りゅー,12.8,2着,,32800,P0215
2026,Bリーグ,レギュラー, 77 ,2026/06/04,21:43:23,おたまーず,おたま♪,-27.4,3着,,12600,P0084
2026,Bリーグ,レギュラー, 77 ,2026/06/04,21:43:23,他力本願寺,たくおっち,-63.5,4着,,-3500,P0132
2026,Bリーグ,レギュラー, 78 ,2026/06/04,22:07:13,TEAM AJITO,支援紳士,70.4,1着,第一試合,50400,P0265
2026,Bリーグ,レギュラー, 78 ,2026/06/04,22:07:13,La vie en Rose,まんまる,8.2,2着,,28200,P0190
2026,Bリーグ,レギュラー, 78 ,2026/06/04,22:07:13,楽しめばイイ雀,nana.jo,-17.9,3着,,22100,P0045
2026,Bリーグ,レギュラー, 78 ,2026/06/04,22:07:13,チートイズ,あすてる,-60.7,4着,,-700,P0067
2026,Aリーグ,レギュラー, 79 ,2026/06/04,22:34:17,ＺＯＯ,rinruka,74.9,1着,第二試合,54900,P0052
2026,Aリーグ,レギュラー, 79 ,2026/06/04,22:34:17,MJ東京,えんがわ,26.4,2着,,46400,P0078
2026,Aリーグ,レギュラー, 79 ,2026/06/04,22:34:17,最強位ズ,Hiromu,-22.3,3着,,17700,P0030
2026,Aリーグ,レギュラー, 79 ,2026/06/04,22:34:17,SSブルーバーズ,ハナノア,-79.0,4着,,-19000,P0158
2026,Bリーグ,レギュラー, 80 ,2026/06/04,22:34:21,教室生☆KSC,悠紀子,50.1,1着,第二試合,30100,P0318
2026,Bリーグ,レギュラー, 80 ,2026/06/04,22:34:21,IRU,奥山瞭,8.8,2着,,28800,P0216
2026,Bリーグ,レギュラー, 80 ,2026/06/04,22:34:21,Vertice,しょう&るな,-12.5,3着,,27500,P0117
2026,Bリーグ,レギュラー, 80 ,2026/06/04,22:34:21,さわやかMJ野郎の会,★月刃★,-46.4,4着,,13600,P0006
2026,Bリーグ,レギュラー, 81 ,2026/06/04,22:34:57,チートイズ,しげぞー,53.7,1着,第二試合,33700,P0114
2026,Bリーグ,レギュラー, 81 ,2026/06/04,22:34:57,楽しめばイイ雀,七対子大好き,12.4,2着,,32400,P0267
2026,Bリーグ,レギュラー, 81 ,2026/06/04,22:34:57,TEAM AJITO,TOM,-20.3,3着,,19700,P0057
2026,Bリーグ,レギュラー, 81 ,2026/06/04,22:34:57,La vie en Rose,なほみん,-45.8,4着,,14200,P0153
2026,Aリーグ,レギュラー, 82 ,2026/06/04,22:35:21,HIVE,せいたろう,53.9,1着,第二試合,33900,P0122
2026,Aリーグ,レギュラー, 82 ,2026/06/04,22:35:21,電光石火,けっけ,7.9,2着,,27900,P0102
2026,Aリーグ,レギュラー, 82 ,2026/06/04,22:35:21,MJAC愛好会,冬のミルク,-13.7,3着,,26300,P0304
2026,Aリーグ,レギュラー, 82 ,2026/06/04,22:35:21,レッドリボン軍,ベヘリット,-48.1,4着,,11900,P0174
2026,Bリーグ,レギュラー, 83 ,2026/06/04,22:41:26,Team MJ lovers,小林宏康,71.8,1着,第二試合,51800,P0275
2026,Bリーグ,レギュラー, 83 ,2026/06/04,22:41:26,他力本願寺,まんまるきや,20.8,2着,,40800,P0191
2026,Bリーグ,レギュラー, 83 ,2026/06/04,22:41:26,Brave Revengers,りきまーる,-26.5,3着,,13500,P0214
2026,Bリーグ,レギュラー, 83 ,2026/06/04,22:41:26,おたまーず,おたま♪,-66.1,4着,,-6100,P0084
2026,Aリーグ,レギュラー, 84 ,2026/06/04,22:50:18,武装,赤哲,61.7,1着,第二試合,41700,P0288
2026,Aリーグ,レギュラー, 84 ,2026/06/04,22:50:18,SILVER WOLVES,石川安牌,15.3,2着,,35300,P0284
2026,Aリーグ,レギュラー, 84 ,2026/06/04,22:50:18,たちこまーず,よつば@tobi,-27.0,3着,,13000,P0211
2026,Aリーグ,レギュラー, 84 ,2026/06/04,22:50:18,enjoyすればイイ雀！,ブロッケンG,-50.0,4着,,10000,P0170
2026,Aリーグ,レギュラー, 85 ,2026/06/05,21:30:17,ＺＯＯ,サンタマルコ,62.1,1着,第一試合,42100,P0110
2026,Aリーグ,レギュラー, 85 ,2026/06/05,21:30:17,たちこまーず,ミズゴロウ♂,13.4,2着,,33400,P0193
2026,Aリーグ,レギュラー, 85 ,2026/06/05,21:30:17,SSブルーバーズ,石田亮太,-24.5,3着,,15500,P0014
2026,Aリーグ,レギュラー, 85 ,2026/06/05,21:30:17,HIVE,郷 ひろし,-51.0,4着,,9000,P0250
2026,Bリーグ,レギュラー, 86 ,2026/06/05,21:32:51,チートイズ,公務員麻雀M,54.9,1着,第一試合,34900,P0258
2026,Bリーグ,レギュラー, 86 ,2026/06/05,21:32:51,Brave Revengers,サブ垢先輩,11.3,2着,,31300,P0109
2026,Bリーグ,レギュラー, 86 ,2026/06/05,21:32:51,Vertice,moka,-18.7,3着,,21300,P0042
2026,Bリーグ,レギュラー, 86 ,2026/06/05,21:32:51,楽しめばイイ雀,わたちゃん,-47.5,4着,,12500,P0226
2026,Aリーグ,レギュラー, 87 ,2026/06/05,21:35:03,レッドリボン軍,B地区,58.2,1着,第一試合,38200,P0021
2026,Aリーグ,レギュラー, 87 ,2026/06/05,21:35:03,武装,乙子,13.3,2着,,33300,P0236
2026,Aリーグ,レギュラー, 87 ,2026/06/05,21:35:03,MJ東京,Mychemi,-23.3,3着,,16700,P0044
2026,Aリーグ,レギュラー, 87 ,2026/06/05,21:35:03,SILVER WOLVES,橋本るり子,-48.2,4着,,11800,P0249
2026,Bリーグ,レギュラー, 88 ,2026/06/05,21:37:49,IRU,？？？？？,58.2,1着,第一試合,38200,P0001
2026,Bリーグ,レギュラー, 88 ,2026/06/05,21:37:49,おたまーず,エイデン二号機,8.6,2着,,28600,P0075
2026,Bリーグ,レギュラー, 88 ,2026/06/05,21:37:49,TEAM AJITO,ヤス,-17.6,3着,,22400,P0199
2026,Bリーグ,レギュラー, 88 ,2026/06/05,21:37:49,さわやかMJ野郎の会,パイ乙戦士全ツ,-49.2,4着,,10800,P0156
2026,Aリーグ,レギュラー, 89 ,2026/06/05,21:40:36,電光石火,ひろとだポン,51.4,1着,第一試合,31400,P0163
2026,Aリーグ,レギュラー, 89 ,2026/06/05,21:40:36,MJAC愛好会,ロンリーボーイ,6.0,2着,,26000,P0224
2026,Aリーグ,レギュラー, 89 ,2026/06/05,21:40:36,enjoyすればイイ雀！,せなmam@,-14.2,3着,,25800,P0124
2026,Aリーグ,レギュラー, 89 ,2026/06/05,21:40:36,最強位ズ,ブ茶ラティ,-43.2,4着,,16800,P0171
2026,Bリーグ,レギュラー, 90 ,2026/06/05,21:43:52,他力本願寺,とり,71.0,1着,第一試合,51000,P0148
2026,Bリーグ,レギュラー, 90 ,2026/06/05,21:43:52,教室生☆KSC,☆魔雀T塾生☆,1.4,2着,,21400,P0010
2026,Bリーグ,レギュラー, 90 ,2026/06/05,21:43:52,La vie en Rose,３１０７,-24.6,3着,,15400,P0013
2026,Bリーグ,レギュラー, 90 ,2026/06/05,21:43:52,Team MJ lovers,ゆっしー@,-47.8,4着,,12200,P0207
2026,Aリーグ,レギュラー, 91 ,2026/06/05,22:20:20,HIVE,一之瀬 優,57.0,1着,第二試合,37000,P0230
2026,Aリーグ,レギュラー, 91 ,2026/06/05,22:20:20,たちこまーず,はち,10.8,2着,,30800,P0157
2026,Aリーグ,レギュラー, 91 ,2026/06/05,22:20:20,ＺＯＯ,すー,-21.9,3着,,18100,P0121
2026,Aリーグ,レギュラー, 91 ,2026/06/05,22:20:20,SSブルーバーズ,Hara,-45.9,4着,,14100,P0029
2026,Aリーグ,レギュラー, 92 ,2026/06/05,22:29:07,電光石火,ひろとだポン,56.3,1着,第二試合,36300,P0163
2026,Aリーグ,レギュラー, 92 ,2026/06/05,22:29:07,MJAC愛好会,湾奥アングラー,6.7,2着,,26700,P0323
2026,Aリーグ,レギュラー, 92 ,2026/06/05,22:29:07,最強位ズ,ねこます,-14.1,3着,,25900,P0155
2026,Aリーグ,レギュラー, 92 ,2026/06/05,22:29:07,enjoyすればイイ雀！,Blush,-48.9,4着,,11100,P0019
2026,Aリーグ,レギュラー, 93 ,2026/06/05,22:29:53,SILVER WOLVES,上野あいみ,64.4,1着,第二試合,44400,P0279
2026,Aリーグ,レギュラー, 93 ,2026/06/05,22:29:53,武装,年賀状,11.9,2着,,31900,P0307
2026,Aリーグ,レギュラー, 93 ,2026/06/05,22:29:53,レッドリボン軍,梁瀬健太郎,-15.7,3着,,24300,P0063
2026,Aリーグ,レギュラー, 93 ,2026/06/05,22:29:53,MJ東京,aimoni,-60.6,4着,,-600,P0015
2026,Bリーグ,レギュラー, 94 ,2026/06/05,22:31:57,さわやかMJ野郎の会,ソニア@SMY会,55.9,1着,第二試合,35900,P0127
2026,Bリーグ,レギュラー, 94 ,2026/06/05,22:31:57,おたまーず,くれば,11.7,2着,,31700,P0101
2026,Bリーグ,レギュラー, 94 ,2026/06/05,22:31:57,IRU,uki,-21.6,3着,,18400,P0059
2026,Bリーグ,レギュラー, 94 ,2026/06/05,22:31:57,TEAM AJITO,KGRS,-46.0,4着,,14000,P0037
2026,Bリーグ,レギュラー, 95 ,2026/06/05,22:36:53,他力本願寺,桐生れいか,64.6,1着,第二試合,44600,P0252
2026,Bリーグ,レギュラー, 95 ,2026/06/05,22:36:53,La vie en Rose,ジョーカー,7.1,2着,,27100,P0118
2026,Bリーグ,レギュラー, 95 ,2026/06/05,22:36:53,教室生☆KSC,☆魔雀T塾生☆,-23.7,3着,,16300,P0010
2026,Bリーグ,レギュラー, 95 ,2026/06/05,22:36:53,Team MJ lovers,ゆっしー@,-48.0,4着,,12000,P0207
2026,Bリーグ,レギュラー, 96 ,2026/06/05,22:50:21,Brave Revengers,ペン,50.5,1着,第二試合,30500,P0175
2026,Bリーグ,レギュラー, 96 ,2026/06/05,22:50:21,Vertice,moka,8.3,2着,,28300,P0042
2026,Bリーグ,レギュラー, 96 ,2026/06/05,22:50:21,楽しめばイイ雀,くすだま,-16.8,3着,,23200,P0098
2026,Bリーグ,レギュラー, 96 ,2026/06/05,22:50:21,チートイズ,じんぱぱ,-42.0,4着,,18000,P0120
2026,Aリーグ,レギュラー, 97 ,2026/06/08,21:27:38,レッドリボン軍,かじ,61.9,1着,第一試合,41900,P0090
2026,Aリーグ,レギュラー, 97 ,2026/06/08,21:27:38,SSブルーバーズ,きめっち,4.4,2着,,24400,P0095
2026,Aリーグ,レギュラー, 97 ,2026/06/08,21:27:38,電光石火,EmperorTime,-21.3,3着,,18700,P0024
2026,Aリーグ,レギュラー, 97 ,2026/06/08,21:27:38,ＺＯＯ,ご飯にバター,-45.0,4着,,15000,P0106
2026,Aリーグ,レギュラー, 98 ,2026/06/08,21:29:03,HIVE,カルア,53.1,1着,第一試合,33100,P0093
2026,Aリーグ,レギュラー, 98 ,2026/06/08,21:29:03,最強位ズ,ブ茶ラティ,9.5,2着,,29500,P0171
2026,Aリーグ,レギュラー, 98 ,2026/06/08,21:29:03,MJ東京,えんがわ,-11.0,3着,,29000,P0078
2026,Aリーグ,レギュラー, 98 ,2026/06/08,21:29:03,SILVER WOLVES,石川安牌,-51.6,4着,,8400,P0284
2026,Bリーグ,レギュラー, 99 ,2026/06/08,21:29:32,チートイズ,しげぞー,53.5,1着,第一試合,33500,P0114
2026,Bリーグ,レギュラー, 99 ,2026/06/08,21:29:32,楽しめばイイ雀,Kou,12.7,2着,,32700,P0038
2026,Bリーグ,レギュラー, 99 ,2026/06/08,21:29:32,おたまーず,くれば,-21.4,3着,,18600,P0101
2026,Bリーグ,レギュラー, 99 ,2026/06/08,21:29:32,他力本願寺,YOU太郎,-44.8,4着,,15200,P0064
2026,Bリーグ,レギュラー, 100 ,2026/06/08,21:32:45,Team MJ lovers,μゆぅちゃん,58.1,1着,第一試合,38100,P0327
2026,Bリーグ,レギュラー, 100 ,2026/06/08,21:32:45,IRU,猪突猛進男,7.3,2着,,27300,P0299
2026,Bリーグ,レギュラー, 100 ,2026/06/08,21:32:45,Vertice,ゆうー,-15.7,3着,,24300,P0203
2026,Bリーグ,レギュラー, 100 ,2026/06/08,21:32:45,教室生☆KSC,Anmi,-49.7,4着,,10300,P0016
2026,Bリーグ,レギュラー, 101 ,2026/06/08,21:34:24,TEAM AJITO,支援紳士,59.9,1着,第一試合,39900,P0265
2026,Bリーグ,レギュラー, 101 ,2026/06/08,21:34:24,La vie en Rose,なほみん,12.1,2着,,32100,P0153
2026,Bリーグ,レギュラー, 101 ,2026/06/08,21:34:24,さわやかMJ野郎の会,黙示録@SMY会,-16.1,3着,,23900,P0316
2026,Bリーグ,レギュラー, 101 ,2026/06/08,21:34:24,Brave Revengers,nesre,-55.9,4着,,4100,P0047
2026,Aリーグ,レギュラー, 102 ,2026/06/08,21:52:27,たちこまーず,坊や哲,93.9,1着,第一試合,73900,P0310
2026,Aリーグ,レギュラー, 102 ,2026/06/08,21:52:27,MJAC愛好会,亜空間コツボー,7.0,2着,,27000,P0227
2026,Aリーグ,レギュラー, 102 ,2026/06/08,21:52:27,enjoyすればイイ雀！,じゅねこ,-35.0,3着,,5000,P0116
2026,Aリーグ,レギュラー, 102 ,2026/06/08,21:52:27,武装,ツナマヨ,-65.9,4着,,-5900,P0138
2026,Bリーグ,レギュラー, 103 ,2026/06/08,22:29:13,Vertice,ゆうー,68.3,1着,第二試合,48300,P0203
2026,Bリーグ,レギュラー, 103 ,2026/06/08,22:29:13,教室生☆KSC,☆魔雀T塾生☆,0.7,2着,,20700,P0010
2026,Bリーグ,レギュラー, 103 ,2026/06/08,22:29:13,Team MJ lovers,喜多剛士@μ,-22.7,3着,,17300,P0241
2026,Bリーグ,レギュラー, 103 ,2026/06/08,22:29:13,IRU,奥山瞭,-46.3,4着,,13700,P0216
2026,Bリーグ,レギュラー, 104 ,2026/06/08,22:29:45,チートイズ,014のりたま,73.1,1着,第二試合,53100,P0011
2026,Bリーグ,レギュラー, 104 ,2026/06/08,22:29:45,楽しめばイイ雀,Kou,3.9,2着,,23900,P0038
2026,Bリーグ,レギュラー, 104 ,2026/06/08,22:29:45,他力本願寺,とり,-18.9,3着,,21100,P0148
2026,Bリーグ,レギュラー, 104 ,2026/06/08,22:29:45,おたまーず,くれば,-58.1,4着,,1900,P0101
2026,Aリーグ,レギュラー, 105 ,2026/06/08,22:35:12,武装,フィクション,63.9,1着,第二試合,43900,P0165
2026,Aリーグ,レギュラー, 105 ,2026/06/08,22:35:12,MJAC愛好会,つかぴー,5.3,2着,,25300,P0137
2026,Aリーグ,レギュラー, 105 ,2026/06/08,22:35:12,enjoyすればイイ雀！,せなmam@,-21.7,3着,,18300,P0124
2026,Aリーグ,レギュラー, 105 ,2026/06/08,22:35:12,たちこまーず,よつば@tobi,-47.5,4着,,12500,P0211
2026,Bリーグ,レギュラー, 106 ,2026/06/08,22:40:29,Brave Revengers,nesre,67.7,1着,第二試合,47700,P0047
2026,Bリーグ,レギュラー, 106 ,2026/06/08,22:40:29,TEAM AJITO,chemi,14.5,2着,,34500,P0022
2026,Bリーグ,レギュラー, 106 ,2026/06/08,22:40:29,La vie en Rose,シェリさん,-24.5,3着,,15500,P0112
2026,Bリーグ,レギュラー, 106 ,2026/06/08,22:40:29,さわやかMJ野郎の会,だてまきたまご,-57.7,4着,,2300,P0135
2026,Aリーグ,レギュラー, 107 ,2026/06/08,22:48:58,最強位ズ,まびたん,70.9,1着,第一試合,50900,P0187
2026,Aリーグ,レギュラー, 107 ,2026/06/08,22:48:58,MJ東京,Mychemi,25.1,2着,,45100,P0044
2026,Aリーグ,レギュラー, 107 ,2026/06/08,22:48:58,HIVE,ぼうや@HIVE,-19.3,3着,,20700,P0177
2026,Aリーグ,レギュラー, 107 ,2026/06/08,22:48:58,SILVER WOLVES,店長倍損の上司,-76.7,4着,,-16700,P0302
2026,Aリーグ,レギュラー, 108 ,2026/06/08,22:57:13,電光石火,どっち？弾平,71.3,1着,第二試合,51300,P0143
2026,Aリーグ,レギュラー, 108 ,2026/06/08,22:57:13,SSブルーバーズ,きめっち,9.4,2着,,29400,P0095
2026,Aリーグ,レギュラー, 108 ,2026/06/08,22:57:13,レッドリボン軍,なおすけ,-15.4,3着,,24600,P0150
2026,Aリーグ,レギュラー, 108 ,2026/06/08,22:57:13,ＺＯＯ,Bu Ki Chi,-65.3,4着,,-5300,P0020
2026,Aリーグ,レギュラー, 109 ,2026/06/09,21:30:47,武装,アベキング,66.9,1着,第一試合,46900,P0070
2026,Aリーグ,レギュラー, 109 ,2026/06/09,21:30:47,ＺＯＯ,戯言遣い,4.2,2着,,24200,P0242
2026,Aリーグ,レギュラー, 109 ,2026/06/09,21:30:47,MJ東京,J,-23.4,3着,,16600,P0032
2026,Aリーグ,レギュラー, 109 ,2026/06/09,21:30:47,レッドリボン軍,小倉唯,-47.7,4着,,12300,P0273
2026,Aリーグ,レギュラー, 110 ,2026/06/09,21:33:59,電光石火,魔王,54.4,1着,第一試合,34400,P0312
2026,Aリーグ,レギュラー, 110 ,2026/06/09,21:33:59,たちこまーず,たちこま,6.8,2着,,26800,P0134
2026,Aリーグ,レギュラー, 110 ,2026/06/09,21:33:59,最強位ズ,ｒｒｒｒｒｒ,-17.1,3着,,22900,P0053
2026,Aリーグ,レギュラー, 110 ,2026/06/09,21:33:59,SILVER WOLVES,橋本るり子,-44.1,4着,,15900,P0249
2026,Bリーグ,レギュラー, 111 ,2026/06/09,21:37:18,さわやかMJ野郎の会,黒太郎@SMY会,75.0,1着,第一試合,55000,P0260
2026,Bリーグ,レギュラー, 111 ,2026/06/09,21:37:18,他力本願寺,桐生れいか,7.7,2着,,27700,P0252
2026,Bリーグ,レギュラー, 111 ,2026/06/09,21:37:18,Vertice,みーやん19,-16.5,3着,,23500,P0192
2026,Bリーグ,レギュラー, 111 ,2026/06/09,21:37:18,La vie en Rose,匕首◆,-66.2,4着,,-6200,P0325
2026,Aリーグ,レギュラー, 112 ,2026/06/09,21:39:10,SSブルーバーズ,鈴木正道,71.5,1着,第一試合,51500,P0004
2026,Aリーグ,レギュラー, 112 ,2026/06/09,21:39:10,MJAC愛好会,おかぴー,19.3,2着,,39300,P0079
2026,Aリーグ,レギュラー, 112 ,2026/06/09,21:39:10,HIVE,ぽこぽこぽこり,-19.9,3着,,20100,P0179
2026,Aリーグ,レギュラー, 112 ,2026/06/09,21:39:10,enjoyすればイイ雀！,かに,-70.9,4着,,-10900,P0091
2026,Bリーグ,レギュラー, 113 ,2026/06/09,21:41:05,Team MJ lovers,溝渕智也,72.5,1着,第一試合,52500,P0259
2026,Bリーグ,レギュラー, 113 ,2026/06/09,21:41:05,チートイズ,dia,32.2,2着,,52200,P0023
2026,Bリーグ,レギュラー, 113 ,2026/06/09,21:41:05,教室生☆KSC,Anmi,-28.9,3着,,11100,P0016
2026,Bリーグ,レギュラー, 113 ,2026/06/09,21:41:05,Brave Revengers,だーはら,-75.8,4着,,-15800,P0129
2026,Bリーグ,レギュラー, 114 ,2026/06/09,21:41:41,IRU,aoking,71.6,1着,第一試合,51600,P0017
2026,Bリーグ,レギュラー, 114 ,2026/06/09,21:41:41,TEAM AJITO,TOM,0.0,2着,,20000,P0057
2026,Bリーグ,レギュラー, 114 ,2026/06/09,21:41:41,おたまーず,おたま♪,-21.0,3着,,19000,P0084
2026,Bリーグ,レギュラー, 114 ,2026/06/09,21:41:41,楽しめばイイ雀,小四喜大好き,-50.6,4着,,9400,P0272
2026,Aリーグ,レギュラー, 115 ,2026/06/09,22:26:59,たちこまーず,シクラメン富男,63.2,1着,第二試合,43200,P0113
2026,Aリーグ,レギュラー, 115 ,2026/06/09,22:26:59,電光石火,k-k,9.2,2着,,29200,P0034
2026,Aリーグ,レギュラー, 115 ,2026/06/09,22:26:59,最強位ズ,リョータ,-19.4,3着,,20600,P0217
2026,Aリーグ,レギュラー, 115 ,2026/06/09,22:26:59,SILVER WOLVES,田口淳之介,-53.0,4着,,7000,P0269
2026,Aリーグ,レギュラー, 116 ,2026/06/09,22:32:51,武装,しんじゃうツモ,49.7,1着,第二試合,29700,P0119
2026,Aリーグ,レギュラー, 116 ,2026/06/09,22:32:51,ＺＯＯ,rinruka,9.3,2着,,29300,P0052
2026,Aリーグ,レギュラー, 116 ,2026/06/09,22:32:51,レッドリボン軍,レッド総帥,-16.8,3着,,23200,P0221
2026,Aリーグ,レギュラー, 116 ,2026/06/09,22:32:51,MJ東京,aimoni,-42.2,4着,,17800,P0015
2026,Aリーグ,レギュラー, 117 ,2026/06/09,22:37:00,MJAC愛好会,湾奥アングラー,57.6,1着,第二試合,37600,P0323
2026,Aリーグ,レギュラー, 117 ,2026/06/09,22:37:00,HIVE,ぽこぽこぽこり,5.9,2着,,25900,P0179
2026,Aリーグ,レギュラー, 117 ,2026/06/09,22:37:00,SSブルーバーズ,石田亮太,-19.9,3着,,20100,P0014
2026,Aリーグ,レギュラー, 117 ,2026/06/09,22:37:00,enjoyすればイイ雀！,べびたん,-43.6,4着,,16400,P0173
2026,Bリーグ,レギュラー, 118 ,2026/06/09,22:39:45,他力本願寺,桐生れいか,66.2,1着,第二試合,46200,P0252
2026,Bリーグ,レギュラー, 118 ,2026/06/09,22:39:45,Vertice,しょう&るな,7.3,2着,,27300,P0117
2026,Bリーグ,レギュラー, 118 ,2026/06/09,22:39:45,さわやかMJ野郎の会,Blue-K18,-18.3,3着,,21700,P0018
2026,Bリーグ,レギュラー, 118 ,2026/06/09,22:39:45,La vie en Rose,★神威★,-55.2,4着,,4800,P0007
2026,Bリーグ,レギュラー, 119 ,2026/06/09,22:40:54,教室生☆KSC,☆魔雀T塾生☆,79.2,1着,第二試合,59200,P0010
2026,Bリーグ,レギュラー, 119 ,2026/06/09,22:40:54,Team MJ lovers,溝渕智也,12.6,2着,,32600,P0259
2026,Bリーグ,レギュラー, 119 ,2026/06/09,22:40:54,チートイズ,あすてる,-14.3,3着,,25700,P0067
2026,Bリーグ,レギュラー, 119 ,2026/06/09,22:40:54,Brave Revengers,みり,-77.5,4着,,-17500,P0196
2026,Bリーグ,レギュラー, 120 ,2026/06/09,22:48:00,楽しめばイイ雀,くすだま,61.0,1着,第二試合,41000,P0098
2026,Bリーグ,レギュラー, 120 ,2026/06/09,22:48:00,おたまーず,鰤トニー,15.4,2着,,35400,P0326
2026,Bリーグ,レギュラー, 120 ,2026/06/09,22:48:00,IRU,shige,-19.1,3着,,20900,P0056
2026,Bリーグ,レギュラー, 120 ,2026/06/09,22:48:00,TEAM AJITO,明信,-57.3,4着,,2700,P0315
2026,Bリーグ,レギュラー, 121 ,2026/06/11,21:29:50,Team MJ lovers,ysk,58.3,1着,第一試合,38300,P0065
2026,Bリーグ,レギュラー, 121 ,2026/06/11,21:29:50,Vertice,フィーレン,14.2,2着,,34200,P0164
2026,Bリーグ,レギュラー, 121 ,2026/06/11,21:29:50,おたまーず,羽田暁音,-21.7,3着,,18300,P0232
2026,Bリーグ,レギュラー, 121 ,2026/06/11,21:29:50,楽しめばイイ雀,nana.jo,-50.8,4着,,9200,P0045
2026,Aリーグ,レギュラー, 122 ,2026/06/11,21:35:04,電光石火,魔王,65.5,1着,第一試合,45500,P0312
2026,Aリーグ,レギュラー, 122 ,2026/06/11,21:35:04,武装,ゆんゆん,24.3,2着,,44300,P0210
2026,Aリーグ,レギュラー, 122 ,2026/06/11,21:35:04,SILVER WOLVES,まーくん RMU,-28.6,3着,,11400,P0184
2026,Aリーグ,レギュラー, 122 ,2026/06/11,21:35:04,SSブルーバーズ,おむ,-61.2,4着,,-1200,P0086
2026,Bリーグ,レギュラー, 123 ,2026/06/11,21:35:29,さわやかMJ野郎の会,黒太郎@SMY会,59.0,1着,第一試合,39000,P0260
2026,Bリーグ,レギュラー, 123 ,2026/06/11,21:35:29,IRU,shige,13.5,2着,,33500,P0056
2026,Bリーグ,レギュラー, 123 ,2026/06/11,21:35:29,チートイズ,014のりたま,-16.1,3着,,23900,P0011
2026,Bリーグ,レギュラー, 123 ,2026/06/11,21:35:29,他力本願寺,灰鶴,-56.4,4着,,3600,P0239
2026,Aリーグ,レギュラー, 124 ,2026/06/11,21:36:57,ＺＯＯ,すー,90.3,1着,第一試合,70300,P0121
2026,Aリーグ,レギュラー, 124 ,2026/06/11,21:36:57,MJAC愛好会,ロッキンポ,29.8,2着,,49800,P0223
2026,Aリーグ,レギュラー, 124 ,2026/06/11,21:36:57,たちこまーず,JILL,-40.7,3着,,-700,P0033
2026,Aリーグ,レギュラー, 124 ,2026/06/11,21:36:57,レッドリボン軍,かじ,-79.4,4着,,-19400,P0090
2026,Bリーグ,レギュラー, 125 ,2026/06/11,21:43:06,TEAM AJITO,神田大行,70.5,1着,第一試合,50500,P0282
2026,Bリーグ,レギュラー, 125 ,2026/06/11,21:43:06,La vie en Rose,まんまる,27.4,2着,,47400,P0190
2026,Bリーグ,レギュラー, 125 ,2026/06/11,21:43:06,Brave Revengers,サブ垢先輩,-34.6,3着,,5400,P0109
2026,Bリーグ,レギュラー, 125 ,2026/06/11,21:43:06,教室生☆KSC,☆魔雀T塾生☆,-63.3,4着,,-3300,P0010
2026,Aリーグ,レギュラー, 126 ,2026/06/11,21:48:13,enjoyすればイイ雀！,Blush,57.7,1着,第一試合,37700,P0019
2026,Aリーグ,レギュラー, 126 ,2026/06/11,21:48:13,HIVE,郷 ひろし,9.8,2着,,29800,P0250
2026,Aリーグ,レギュラー, 126 ,2026/06/11,21:48:13,MJ東京,キラ、,-16.5,3着,,23500,P0096
2026,Aリーグ,レギュラー, 126 ,2026/06/11,21:48:13,最強位ズ,ｒｒｒｒｒｒ,-51.0,4着,,9000,P0053
2026,Bリーグ,レギュラー, 127 ,2026/06/11,22:24:17,楽しめばイイ雀,わたちゃん,62.8,1着,第二試合,42800,P0226
2026,Bリーグ,レギュラー, 127 ,2026/06/11,22:24:17,おたまーず,羽田暁音,1.1,2着,,21100,P0232
2026,Bリーグ,レギュラー, 127 ,2026/06/11,22:24:17,Team MJ lovers,喜多剛士@μ,-20.9,3着,,19100,P0241
2026,Bリーグ,レギュラー, 127 ,2026/06/11,22:24:17,Vertice,みーやん19,-43.0,4着,,17000,P0192
2026,Bリーグ,レギュラー, 128 ,2026/06/11,22:32:26,さわやかMJ野郎の会,★月刃★,58.0,1着,第二試合,38000,P0006
2026,Bリーグ,レギュラー, 128 ,2026/06/11,22:32:26,他力本願寺,まんまるきや,10.3,2着,,30300,P0191
2026,Bリーグ,レギュラー, 128 ,2026/06/11,22:32:26,チートイズ,じんぱぱ,-12.7,3着,,27300,P0120
2026,Bリーグ,レギュラー, 128 ,2026/06/11,22:32:26,IRU,猪突猛進男,-55.6,4着,,4400,P0299
2026,Aリーグ,レギュラー, 129 ,2026/06/11,22:32:36,電光石火,どっち？弾平,59.1,1着,第二試合,39100,P0143
2026,Aリーグ,レギュラー, 129 ,2026/06/11,22:32:36,SILVER WOLVES,上野あいみ,1.9,2着,,21900,P0279
2026,Aリーグ,レギュラー, 129 ,2026/06/11,22:32:36,武装,赤哲,-18.9,3着,,21100,P0288
2026,Aリーグ,レギュラー, 129 ,2026/06/11,22:32:36,SSブルーバーズ,ポテト吉野,-42.1,4着,,17900,P0181
2026,Aリーグ,レギュラー, 130 ,2026/06/11,22:33:34,HIVE,せいたろう,67.9,1着,第二試合,47900,P0122
2026,Aリーグ,レギュラー, 130 ,2026/06/11,22:33:34,最強位ズ,Hiromu,4.6,2着,,24600,P0030
2026,Aリーグ,レギュラー, 130 ,2026/06/11,22:33:34,enjoyすればイイ雀！,みや,-23.2,3着,,16800,P0195
2026,Aリーグ,レギュラー, 130 ,2026/06/11,22:33:34,MJ東京,葛餅,-49.3,4着,,10700,P0240
2026,Aリーグ,レギュラー, 131 ,2026/06/11,22:37:45,レッドリボン軍,くまさぶろー,57.9,1着,第二試合,37900,P0100
2026,Aリーグ,レギュラー, 131 ,2026/06/11,22:37:45,ＺＯＯ,ご飯にバター,6.2,2着,,26200,P0106
2026,Aリーグ,レギュラー, 131 ,2026/06/11,22:37:45,たちこまーず,まぽぽ,-20.6,3着,,19400,P0188
2026,Aリーグ,レギュラー, 131 ,2026/06/11,22:37:45,MJAC愛好会,冬のミルク,-43.5,4着,,16500,P0304
2026,Bリーグ,レギュラー, 132 ,2026/06/11,22:48:43,TEAM AJITO,神田大行,60.4,1着,第二試合,40400,P0282
2026,Bリーグ,レギュラー, 132 ,2026/06/11,22:48:43,La vie en Rose,ふとふと,8.1,2着,,28100,P0167
2026,Bリーグ,レギュラー, 132 ,2026/06/11,22:48:43,Brave Revengers,りゅー,-21.6,3着,,18400,P0215
2026,Bリーグ,レギュラー, 132 ,2026/06/11,22:48:43,教室生☆KSC,悠紀子,-46.9,4着,,13100,P0318
2026,Aリーグ,レギュラー, 133 ,2026/06/12,21:22:13,HIVE,カルア,61.6,1着,第一試合,41600,P0093
2026,Aリーグ,レギュラー, 133 ,2026/06/12,21:22:13,SSブルーバーズ,Hara,17.6,2着,,37600,P0029
2026,Aリーグ,レギュラー, 133 ,2026/06/12,21:22:13,ＺＯＯ,サンタマルコ,-26.4,3着,,13600,P0110
2026,Aリーグ,レギュラー, 133 ,2026/06/12,21:22:13,たちこまーず,シクラメン富男,-52.8,4着,,7200,P0113
2026,Bリーグ,レギュラー, 134 ,2026/06/12,21:33:59,La vie en Rose,ジョーカー,64.6,1着,第一試合,44600,P0118
2026,Bリーグ,レギュラー, 134 ,2026/06/12,21:33:59,他力本願寺,YOU太郎,23.7,2着,,43700,P0064
2026,Bリーグ,レギュラー, 134 ,2026/06/12,21:33:59,IRU,？？？？？,-33.5,3着,,6500,P0001
2026,Bリーグ,レギュラー, 134 ,2026/06/12,21:33:59,おたまーず,エイデン二号機,-54.8,4着,,5200,P0075
2026,Aリーグ,レギュラー, 135 ,2026/06/12,21:35:57,enjoyすればイイ雀！,銀河,70.9,1着,第一試合,50900,P0253
2026,Aリーグ,レギュラー, 135 ,2026/06/12,21:35:57,MJ東京,キラ、,14.7,2着,,34700,P0096
2026,Aリーグ,レギュラー, 135 ,2026/06/12,21:35:57,SILVER WOLVES,松崎真也,-21.8,3着,,18200,P0276
2026,Aリーグ,レギュラー, 135 ,2026/06/12,21:35:57,MJAC愛好会,教室生 ユウ,-63.8,4着,,-3800,P0248
2026,Bリーグ,レギュラー, 136 ,2026/06/12,21:43:08,Vertice,moka,56.9,1着,第一試合,36900,P0042
2026,Bリーグ,レギュラー, 136 ,2026/06/12,21:43:08,チートイズ,公務員麻雀M,10.1,2着,,30100,P0258
2026,Bリーグ,レギュラー, 136 ,2026/06/12,21:43:08,楽しめばイイ雀,ゆうやなのだ,-22.6,3着,,17400,P0205
2026,Bリーグ,レギュラー, 136 ,2026/06/12,21:43:08,Brave Revengers,仇森龍,-44.4,4着,,15600,P0245
2026,Aリーグ,レギュラー, 137 ,2026/06/12,21:50:49,武装,年賀状,65.8,1着,第一試合,45800,P0307
2026,Aリーグ,レギュラー, 137 ,2026/06/12,21:50:49,電光石火,けっけ,20.6,2着,,40600,P0102
2026,Aリーグ,レギュラー, 137 ,2026/06/12,21:50:49,最強位ズ,ねこます,-24.2,3着,,15800,P0155
2026,Aリーグ,レギュラー, 137 ,2026/06/12,21:50:49,レッドリボン軍,B地区,-62.2,4着,,-2200,P0021
2026,Bリーグ,レギュラー, 138 ,2026/06/12,21:57:58,さわやかMJ野郎の会,黙示録@SMY会,79.1,1着,第一試合,59100,P0316
2026,Bリーグ,レギュラー, 138 ,2026/06/12,21:57:58,TEAM AJITO,支援紳士,22.5,2着,,42500,P0265
2026,Bリーグ,レギュラー, 138 ,2026/06/12,21:57:58,Team MJ lovers,ゆっしー@,-30.9,3着,,9100,P0207
2026,Bリーグ,レギュラー, 138 ,2026/06/12,21:57:58,教室生☆KSC,w-baby,-70.7,4着,,-10700,P0060
2026,Bリーグ,レギュラー, 139 ,2026/06/12,22:24:11,La vie en Rose,３１０７,55.6,1着,第二試合,35600,P0013
2026,Bリーグ,レギュラー, 139 ,2026/06/12,22:24:11,他力本願寺,とり,7.4,2着,,27400,P0148
2026,Bリーグ,レギュラー, 139 ,2026/06/12,22:24:11,おたまーず,樹央,-17.4,3着,,22600,P0268
2026,Bリーグ,レギュラー, 139 ,2026/06/12,22:24:11,IRU,奥山瞭,-45.6,4着,,14400,P0216
2026,Bリーグ,レギュラー, 140 ,2026/06/12,22:28:44,教室生☆KSC,元教室生タク,54.7,1着,第二試合,34700,P0255
2026,Bリーグ,レギュラー, 140 ,2026/06/12,22:28:44,TEAM AJITO,ｋｅｎ@あじと,4.7,2着,,24700,P0036
2026,Bリーグ,レギュラー, 140 ,2026/06/12,22:28:44,Team MJ lovers,小林宏康,-17.3,3着,,22700,P0275
2026,Bリーグ,レギュラー, 140 ,2026/06/12,22:28:44,さわやかMJ野郎の会,Blue-K18,-42.1,4着,,17900,P0018
2026,Aリーグ,レギュラー, 141 ,2026/06/12,22:30:50,SSブルーバーズ,ハナノア,64.1,1着,第二試合,44100,P0158
2026,Aリーグ,レギュラー, 141 ,2026/06/12,22:30:50,たちこまーず,よつば@tobi,1.3,2着,,21300,P0211
2026,Aリーグ,レギュラー, 141 ,2026/06/12,22:30:50,HIVE,最後のZ戦士達,-19.0,3着,,21000,P0261
2026,Aリーグ,レギュラー, 141 ,2026/06/12,22:30:50,ＺＯＯ,すー,-46.4,4着,,13600,P0121
2026,Bリーグ,レギュラー, 142 ,2026/06/12,22:41:29,Brave Revengers,ペン,59.6,1着,第二試合,39600,P0175
2026,Bリーグ,レギュラー, 142 ,2026/06/12,22:41:29,Vertice,フィーレン,11.2,2着,,31200,P0164
2026,Bリーグ,レギュラー, 142 ,2026/06/12,22:41:29,楽しめばイイ雀,七対子大好き,-15.7,3着,,24300,P0267
2026,Bリーグ,レギュラー, 142 ,2026/06/12,22:41:29,チートイズ,じんぱぱ,-55.1,4着,,4900,P0120
2026,Aリーグ,レギュラー, 143 ,2026/06/12,22:49:44,SILVER WOLVES,阿賀寿直,56.3,1着,第二試合,36300,P0228
2026,Aリーグ,レギュラー, 143 ,2026/06/12,22:49:44,MJ東京,Mychemi,7.8,2着,,27800,P0044
2026,Aリーグ,レギュラー, 143 ,2026/06/12,22:49:44,enjoyすればイイ雀！,ブロッケンG,-14.2,3着,,25800,P0170
2026,Aリーグ,レギュラー, 143 ,2026/06/12,22:49:44,MJAC愛好会,打撃系ヤルカツ,-49.9,4着,,10100,P0295
2026,Aリーグ,レギュラー, 144 ,2026/06/12,22:50:48,レッドリボン軍,なおすけ,79.3,1着,第二試合,59300,P0150
2026,Aリーグ,レギュラー, 144 ,2026/06/12,22:50:48,最強位ズ,ダイゴ＠LA,15.1,2着,,35100,P0130
2026,Aリーグ,レギュラー, 144 ,2026/06/12,22:50:48,電光石火,フミオ,-34.6,3着,,5400,P0168
2026,Aリーグ,レギュラー, 144 ,2026/06/12,22:50:48,武装,とむとむ,-59.8,4着,,200,P0146
2026,Aリーグ,レギュラー, 145 ,2026/06/15,21:29:05,HIVE,ぼうや@HIVE,50.4,1着,第一試合,30400,P0177
2026,Aリーグ,レギュラー, 145 ,2026/06/15,21:29:05,電光石火,EmperorTime,10.2,2着,,30200,P0024
2026,Aリーグ,レギュラー, 145 ,2026/06/15,21:29:05,MJ東京,J,-14.6,3着,,25400,P0032
2026,Aリーグ,レギュラー, 145 ,2026/06/15,21:29:05,レッドリボン軍,梁瀬健太郎,-46.0,4着,,14000,P0063
2026,Aリーグ,レギュラー, 146 ,2026/06/15,21:31:37,enjoyすればイイ雀！,じゅねこ,59.2,1着,第一試合,39200,P0116
2026,Aリーグ,レギュラー, 146 ,2026/06/15,21:31:37,MJAC愛好会,つかぴー,3.8,2着,,23800,P0137
2026,Aリーグ,レギュラー, 146 ,2026/06/15,21:31:37,たちこまーず,まぽぽ,-20.2,3着,,19800,P0188
2026,Aリーグ,レギュラー, 146 ,2026/06/15,21:31:37,最強位ズ,リョータ,-42.8,4着,,17200,P0217
2026,Aリーグ,レギュラー, 147 ,2026/06/15,21:36:13,SILVER WOLVES,店長倍損の上司,69.9,1着,第一試合,49900,P0302
2026,Aリーグ,レギュラー, 147 ,2026/06/15,21:36:13,SSブルーバーズ,ポテト吉野,18.5,2着,,38500,P0181
2026,Aリーグ,レギュラー, 147 ,2026/06/15,21:36:13,ＺＯＯ,rinruka,-20.8,3着,,19200,P0052
2026,Aリーグ,レギュラー, 147 ,2026/06/15,21:36:13,武装,ツナマヨ,-67.6,4着,,-7600,P0138
2026,Bリーグ,レギュラー, 148 ,2026/06/15,21:42:05,Team MJ lovers,喜多剛士@μ,58.5,1着,第一試合,38500,P0241
2026,Bリーグ,レギュラー, 148 ,2026/06/15,21:42:05,教室生☆KSC,元教室生タク,10.5,2着,,30500,P0255
2026,Bリーグ,レギュラー, 148 ,2026/06/15,21:42:05,La vie en Rose,★神威★,-19.5,3着,,20500,P0007
2026,Bリーグ,レギュラー, 148 ,2026/06/15,21:42:05,Vertice,みーやん19,-49.5,4着,,10500,P0192
2026,Bリーグ,レギュラー, 149 ,2026/06/15,21:47:08,TEAM AJITO,KGRS,64.5,1着,第一試合,44500,P0037
2026,Bリーグ,レギュラー, 149 ,2026/06/15,21:47:08,他力本願寺,灰鶴,18.6,2着,,38600,P0239
2026,Bリーグ,レギュラー, 149 ,2026/06/15,21:47:08,おたまーず,エイデン二号機,-20.9,3着,,19100,P0075
2026,Bリーグ,レギュラー, 149 ,2026/06/15,21:47:08,Brave Revengers,だーはら,-62.2,4着,,-2200,P0129
2026,Bリーグ,レギュラー, 150 ,2026/06/15,21:53:11,さわやかMJ野郎の会,パイ乙戦士全ツ,66.1,1着,第一試合,46100,P0156
2026,Bリーグ,レギュラー, 150 ,2026/06/15,21:53:11,チートイズ,dia,7.4,2着,,27400,P0023
2026,Bリーグ,レギュラー, 150 ,2026/06/15,21:53:11,楽しめばイイ雀,Kou,-15.7,3着,,24300,P0038
2026,Bリーグ,レギュラー, 150 ,2026/06/15,21:53:11,IRU,aoking,-57.8,4着,,2200,P0017
2026,Bリーグ,レギュラー, 151 ,2026/06/15,22:29:11,おたまーず,樹央,77.9,1着,第二試合,57900,P0268
2026,Bリーグ,レギュラー, 151 ,2026/06/15,22:29:11,Brave Revengers,仇森龍,31.6,2着,,51600,P0245
2026,Bリーグ,レギュラー, 151 ,2026/06/15,22:29:11,TEAM AJITO,支援紳士,-28.5,3着,,11500,P0265
2026,Bリーグ,レギュラー, 151 ,2026/06/15,22:29:11,他力本願寺,桐生れいか,-81.0,4着,,-21000,P0252
2026,Aリーグ,レギュラー, 152 ,2026/06/15,22:31:16,電光石火,k-k,59.7,1着,第二試合,39700,P0034
2026,Aリーグ,レギュラー, 152 ,2026/06/15,22:31:16,レッドリボン軍,小倉唯,10.2,2着,,30200,P0273
2026,Aリーグ,レギュラー, 152 ,2026/06/15,22:31:16,MJ東京,Mychemi,-23.5,3着,,16500,P0044
2026,Aリーグ,レギュラー, 152 ,2026/06/15,22:31:16,HIVE,せいたろう,-46.4,4着,,13600,P0122
2026,Bリーグ,レギュラー, 153 ,2026/06/15,22:31:32,さわやかMJ野郎の会,ソニア@SMY会,65.5,1着,第二試合,45500,P0127
2026,Bリーグ,レギュラー, 153 ,2026/06/15,22:31:32,IRU,猪突猛進男,4.7,2着,,24700,P0299
2026,Bリーグ,レギュラー, 153 ,2026/06/15,22:31:32,チートイズ,おさやスイープ,-20.1,3着,,19900,P0081
2026,Bリーグ,レギュラー, 153 ,2026/06/15,22:31:32,楽しめばイイ雀,nana.jo,-50.1,4着,,9900,P0045
2026,Aリーグ,レギュラー, 154 ,2026/06/15,22:31:38,ＺＯＯ,サンタマルコ,87.0,1着,第二試合,67000,P0110
2026,Aリーグ,レギュラー, 154 ,2026/06/15,22:31:38,SILVER WOLVES,まーくん RMU,7.7,2着,,27700,P0184
2026,Aリーグ,レギュラー, 154 ,2026/06/15,22:31:38,SSブルーバーズ,ハナノア,-30.7,3着,,9300,P0158
2026,Aリーグ,レギュラー, 154 ,2026/06/15,22:31:38,武装,アベキング,-64.0,4着,,-4000,P0070
2026,Bリーグ,レギュラー, 155 ,2026/06/15,22:41:43,La vie en Rose,ポルタ,59.6,1着,第二試合,39600,P0182
2026,Bリーグ,レギュラー, 155 ,2026/06/15,22:41:43,Team MJ lovers,小林宏康,8.4,2着,,28400,P0275
2026,Bリーグ,レギュラー, 155 ,2026/06/15,22:41:43,教室生☆KSC,☆魔雀T塾生☆,-21.7,3着,,18300,P0010
2026,Bリーグ,レギュラー, 155 ,2026/06/15,22:41:43,Vertice,しょう&るな,-46.3,4着,,13700,P0117
2026,Aリーグ,レギュラー, 156 ,2026/06/15,22:43:12,enjoyすればイイ雀！,ブロッケンG,58.8,1着,第二試合,38800,P0170
2026,Aリーグ,レギュラー, 156 ,2026/06/15,22:43:12,最強位ズ,まびたん,2.7,2着,,22700,P0187
2026,Aリーグ,レギュラー, 156 ,2026/06/15,22:43:12,MJAC愛好会,亜空間コツボー,-17.9,3着,,22100,P0227
2026,Aリーグ,レギュラー, 156 ,2026/06/15,22:43:12,たちこまーず,はち,-43.6,4着,,16400,P0157
2026,Bリーグ,レギュラー, 157 ,2026/06/16,21:30:10,教室生☆KSC,元教室生タク,56.1,1着,第一試合,36100,P0255
2026,Bリーグ,レギュラー, 157 ,2026/06/16,21:30:10,おたまーず,おたま♪,5.3,2着,,25300,P0084
2026,Bリーグ,レギュラー, 157 ,2026/06/16,21:30:10,IRU,？？？？？,-20.4,3着,,19600,P0001
2026,Bリーグ,レギュラー, 157 ,2026/06/16,21:30:10,La vie en Rose,匕首◆,-41.0,4着,,19000,P0325
2026,Aリーグ,レギュラー, 158 ,2026/06/16,21:33:01,最強位ズ,Hiromu,72.5,1着,第一試合,52500,P0030
2026,Aリーグ,レギュラー, 158 ,2026/06/16,21:33:01,レッドリボン軍,とと,9.1,2着,,29100,P0144
2026,Aリーグ,レギュラー, 158 ,2026/06/16,21:33:01,enjoyすればイイ雀！,Blush,-21.8,3着,,18200,P0019
2026,Aリーグ,レギュラー, 158 ,2026/06/16,21:33:01,武装,とむとむ,-59.8,4着,,200,P0146
2026,Bリーグ,レギュラー, 159 ,2026/06/16,21:34:06,チートイズ,あすてる,75.8,1着,第一試合,55800,P0067
2026,Bリーグ,レギュラー, 159 ,2026/06/16,21:34:06,Team MJ lovers,溝渕智也,20.5,2着,,40500,P0259
2026,Bリーグ,レギュラー, 159 ,2026/06/16,21:34:06,楽しめばイイ雀,小四喜大好き,-36.3,3着,,3700,P0272
2026,Bリーグ,レギュラー, 159 ,2026/06/16,21:34:06,TEAM AJITO,支援紳士,-60.0,4着,,0,P0265
2026,Bリーグ,レギュラー, 160 ,2026/06/16,21:38:47,Brave Revengers,nesre,52.8,1着,第一試合,32800,P0047
2026,Bリーグ,レギュラー, 160 ,2026/06/16,21:38:47,他力本願寺,灰鶴,6.5,2着,,26500,P0239
2026,Bリーグ,レギュラー, 160 ,2026/06/16,21:38:47,さわやかMJ野郎の会,黒太郎@SMY会,-16.1,3着,,23900,P0260
2026,Bリーグ,レギュラー, 160 ,2026/06/16,21:38:47,Vertice,moka,-43.2,4着,,16800,P0042
2026,Aリーグ,レギュラー, 161 ,2026/06/16,21:40:15,MJAC愛好会,ロンリーボーイ,57.0,1着,第一試合,37000,P0224
2026,Aリーグ,レギュラー, 161 ,2026/06/16,21:40:15,ＺＯＯ,サンタマルコ,3.0,2着,,23000,P0110
2026,Aリーグ,レギュラー, 161 ,2026/06/16,21:40:15,SSブルーバーズ,おむ,-19.5,3着,,20500,P0086
2026,Aリーグ,レギュラー, 161 ,2026/06/16,21:40:15,MJ東京,キラ、,-40.5,4着,,19500,P0096
2026,Aリーグ,レギュラー, 162 ,2026/06/16,21:48:59,HIVE,郷 ひろし,55.4,1着,第一試合,35400,P0250
2026,Aリーグ,レギュラー, 162 ,2026/06/16,21:48:59,SILVER WOLVES,松崎真也,15.3,2着,,35300,P0276
2026,Aリーグ,レギュラー, 162 ,2026/06/16,21:48:59,電光石火,魔王,-14.5,3着,,25500,P0312
2026,Aリーグ,レギュラー, 162 ,2026/06/16,21:48:59,たちこまーず,ミズゴロウ♂,-56.2,4着,,3800,P0193
2026,Aリーグ,レギュラー, 163 ,2026/06/16,22:30:57,SILVER WOLVES,田口淳之介,58.1,1着,第二試合,38100,P0269
2026,Aリーグ,レギュラー, 163 ,2026/06/16,22:30:57,HIVE,最後のZ戦士達,12.9,2着,,32900,P0261
2026,Aリーグ,レギュラー, 163 ,2026/06/16,22:30:57,電光石火,どっち？弾平,-19.5,3着,,20500,P0143
2026,Aリーグ,レギュラー, 163 ,2026/06/16,22:30:57,たちこまーず,シクラメン富男,-51.5,4着,,8500,P0113
2026,Bリーグ,レギュラー, 164 ,2026/06/16,22:34:10,Team MJ lovers,溝渕智也,62.7,1着,第二試合,42700,P0259
2026,Bリーグ,レギュラー, 164 ,2026/06/16,22:34:10,楽しめばイイ雀,七対子大好き,5.2,2着,,25200,P0267
2026,Bリーグ,レギュラー, 164 ,2026/06/16,22:34:10,TEAM AJITO,chemi,-16.9,3着,,23100,P0022
2026,Bリーグ,レギュラー, 164 ,2026/06/16,22:34:10,チートイズ,しげぞー,-51.0,4着,,9000,P0114
2026,Aリーグ,レギュラー, 165 ,2026/06/16,22:34:16,ＺＯＯ,Bu Ki Chi,85.4,1着,第二試合,65400,P0020
2026,Aリーグ,レギュラー, 165 ,2026/06/16,22:34:16,SSブルーバーズ,Hara,1.7,2着,,21700,P0029
2026,Aリーグ,レギュラー, 165 ,2026/06/16,22:34:16,MJAC愛好会,おかぴー,-28.7,3着,,11300,P0079
2026,Aリーグ,レギュラー, 165 ,2026/06/16,22:34:16,MJ東京,えんがわ,-58.4,4着,,1600,P0078
2026,Aリーグ,レギュラー, 166 ,2026/06/16,22:39:55,enjoyすればイイ雀！,べびたん,60.1,1着,第二試合,40100,P0173
2026,Aリーグ,レギュラー, 166 ,2026/06/16,22:39:55,武装,しんじゃうツモ,11.6,2着,,31600,P0119
2026,Aリーグ,レギュラー, 166 ,2026/06/16,22:39:55,最強位ズ,ダイゴ＠LA,-23.2,3着,,16800,P0130
2026,Aリーグ,レギュラー, 166 ,2026/06/16,22:39:55,レッドリボン軍,レッド総帥,-48.5,4着,,11500,P0221
2026,Bリーグ,レギュラー, 167 ,2026/06/16,22:41:38,教室生☆KSC,元教室生タク,74.3,1着,第一試合,54300,P0255
2026,Bリーグ,レギュラー, 167 ,2026/06/16,22:41:38,IRU,shige,26.2,2着,,46200,P0056
2026,Bリーグ,レギュラー, 167 ,2026/06/16,22:41:38,おたまーず,おたま♪,-40.1,3着,,-100,P0084
2026,Bリーグ,レギュラー, 167 ,2026/06/16,22:41:38,La vie en Rose,なほみん,-60.4,3着,,-20400,P0153
2026,Bリーグ,レギュラー, 168 ,2026/06/16,22:43:17,他力本願寺,とり,73.0,1着,第二試合,53000,P0148
2026,Bリーグ,レギュラー, 168 ,2026/06/16,22:43:17,Brave Revengers,ペン,28.8,2着,,48800,P0175
2026,Bリーグ,レギュラー, 168 ,2026/06/16,22:43:17,Vertice,しょう&るな,-36.6,3着,,3400,P0117
2026,Bリーグ,レギュラー, 168 ,2026/06/16,22:43:17,さわやかMJ野郎の会,だてまきたまご,-65.2,4着,,-5200,P0135
2026,Bリーグ,レギュラー, 169 ,2026/06/18,21:22:31,おたまーず,鰤トニー,67.6,1着,第一試合,47600,P0326
2026,Bリーグ,レギュラー, 169 ,2026/06/18,21:22:31,Brave Revengers,サブ垢先輩,10.9,2着,,30900,P0109
2026,Bリーグ,レギュラー, 169 ,2026/06/18,21:22:31,チートイズ,公務員麻雀M,-20.4,3着,,19600,P0258
2026,Bリーグ,レギュラー, 169 ,2026/06/18,21:22:31,TEAM AJITO,ヤス,-58.1,4着,,1900,P0199
2026,Aリーグ,レギュラー, 170 ,2026/06/18,21:37:03,最強位ズ,リョータ,70.9,1着,第一試合,50900,P0217
2026,Aリーグ,レギュラー, 170 ,2026/06/18,21:37:03,SILVER WOLVES,橋本るり子,6.5,2着,,26500,P0249
2026,Aリーグ,レギュラー, 170 ,2026/06/18,21:37:03,ＺＯＯ,すー,-21.0,3着,,19000,P0121
2026,Aリーグ,レギュラー, 170 ,2026/06/18,21:37:03,enjoyすればイイ雀！,かに,-56.4,4着,,3600,P0091
2026,Bリーグ,レギュラー, 171 ,2026/06/18,21:39:00,教室生☆KSC,Anmi,77.8,1着,第一試合,57800,P0016
2026,Bリーグ,レギュラー, 171 ,2026/06/18,21:39:00,La vie en Rose,まんまる,10.0,2着,,30000,P0190
2026,Bリーグ,レギュラー, 171 ,2026/06/18,21:39:00,さわやかMJ野郎の会,黙示録@SMY会,-28.1,3着,,11900,P0316
2026,Bリーグ,レギュラー, 171 ,2026/06/18,21:39:00,楽しめばイイ雀,わたちゃん,-59.7,4着,,300,P0226
2026,Bリーグ,レギュラー, 172 ,2026/06/18,21:40:01,Team MJ lovers,喜多剛士@μ,54.2,1着,第一試合,34200,P0241
2026,Bリーグ,レギュラー, 172 ,2026/06/18,21:40:01,他力本願寺,YOU太郎,7.6,2着,,27600,P0064
2026,Bリーグ,レギュラー, 172 ,2026/06/18,21:40:01,IRU,aoking,-18.4,3着,,21600,P0017
2026,Bリーグ,レギュラー, 172 ,2026/06/18,21:40:01,Vertice,moka,-43.4,4着,,16600,P0042
2026,Aリーグ,レギュラー, 173 ,2026/06/18,21:42:46,MJ東京,葛餅,63.6,1着,第一試合,43600,P0240
2026,Aリーグ,レギュラー, 173 ,2026/06/18,21:42:46,SSブルーバーズ,サヴェ松田,12.5,2着,,32500,P0107
2026,Aリーグ,レギュラー, 173 ,2026/06/18,21:42:46,レッドリボン軍,梁瀬健太郎,-19.6,3着,,20400,P0063
2026,Aリーグ,レギュラー, 173 ,2026/06/18,21:42:46,HIVE,郷 ひろし,-56.5,4着,,3500,P0250
2026,Aリーグ,レギュラー, 174 ,2026/06/18,21:48:43,武装,赤哲,51.0,1着,第一試合,31000,P0288
2026,Aリーグ,レギュラー, 174 ,2026/06/18,21:48:43,MJAC愛好会,湾奥アングラー,8.7,2着,,28700,P0323
2026,Aリーグ,レギュラー, 174 ,2026/06/18,21:48:43,電光石火,ひろとだポン,-13.0,3着,,27000,P0163
2026,Aリーグ,レギュラー, 174 ,2026/06/18,21:48:43,たちこまーず,JILL,-46.7,4着,,13300,P0033
2026,Aリーグ,レギュラー, 175 ,2026/06/18,22:33:03,enjoyすればイイ雀！,銀河,63.2,1着,第二試合,43200,P0253
2026,Aリーグ,レギュラー, 175 ,2026/06/18,22:33:03,最強位ズ,ブ茶ラティ,8.0,2着,,28000,P0171
2026,Aリーグ,レギュラー, 175 ,2026/06/18,22:33:03,SILVER WOLVES,上野あいみ,-12.6,3着,,27400,P0279
2026,Aリーグ,レギュラー, 175 ,2026/06/18,22:33:03,ＺＯＯ,ご飯にバター,-58.6,4着,,1400,P0106
2026,Bリーグ,レギュラー, 176 ,2026/06/18,22:34:59,Brave Revengers,仇森龍,66.3,1着,第二試合,46300,P0245
2026,Bリーグ,レギュラー, 176 ,2026/06/18,22:34:59,TEAM AJITO,TOM,5.6,2着,,25600,P0057
2026,Bリーグ,レギュラー, 176 ,2026/06/18,22:34:59,チートイズ,じんぱぱ,-19.6,3着,,20400,P0120
2026,Bリーグ,レギュラー, 176 ,2026/06/18,22:34:59,おたまーず,羽田暁音,-52.3,4着,,7700,P0232
2026,Bリーグ,レギュラー, 177 ,2026/06/18,22:37:12,La vie en Rose,ふとふと,63.5,1着,第二試合,43500,P0167
2026,Bリーグ,レギュラー, 177 ,2026/06/18,22:37:12,教室生☆KSC,Anmi,23.2,2着,,43200,P0016
2026,Bリーグ,レギュラー, 177 ,2026/06/18,22:37:12,楽しめばイイ雀,ゆうやなのだ,-14.9,3着,,25100,P0205
2026,Bリーグ,レギュラー, 177 ,2026/06/18,22:37:12,さわやかMJ野郎の会,黒太郎@SMY会,-71.8,4着,,-11800,P0260
2026,Aリーグ,レギュラー, 178 ,2026/06/18,22:37:41,電光石火,けっけ,63.0,1着,第二試合,43000,P0102
2026,Aリーグ,レギュラー, 178 ,2026/06/18,22:37:41,たちこまーず,はち,7.6,2着,,27600,P0157
2026,Aリーグ,レギュラー, 178 ,2026/06/18,22:37:41,武装,フィクション,-15.1,3着,,24900,P0165
2026,Aリーグ,レギュラー, 178 ,2026/06/18,22:37:41,MJAC愛好会,打撃系ヤルカツ,-55.5,4着,,4500,P0295
2026,Aリーグ,レギュラー, 179 ,2026/06/18,22:39:36,SSブルーバーズ,鈴木正道,68.3,1着,第二試合,48300,P0004
2026,Aリーグ,レギュラー, 179 ,2026/06/18,22:39:36,HIVE,せいたろう,26.5,2着,,46500,P0122
2026,Aリーグ,レギュラー, 179 ,2026/06/18,22:39:36,MJ東京,葛餅,-32.7,3着,,7300,P0240
2026,Aリーグ,レギュラー, 179 ,2026/06/18,22:39:36,レッドリボン軍,ベヘリット,-62.1,4着,,-2100,P0174
2026,Bリーグ,レギュラー, 180 ,2026/06/18,22:51:37,他力本願寺,まんまるきや,72.7,1着,第二試合,52700,P0191
2026,Bリーグ,レギュラー, 180 ,2026/06/18,22:51:37,IRU,蒼,2.4,2着,,22400,P0293
2026,Bリーグ,レギュラー, 180 ,2026/06/18,22:51:37,Vertice,みーやん19,-24.3,3着,,15700,P0192
2026,Bリーグ,レギュラー, 180 ,2026/06/18,22:51:37,Team MJ lovers,ゆっしー@,-50.8,4着,,9200,P0207
2026,Bリーグ,レギュラー, 181 ,2026/06/19,21:31:52,Brave Revengers,りきまーる,54.0,1着,第一試合,34000,P0214
2026,Bリーグ,レギュラー, 181 ,2026/06/19,21:31:52,さわやかMJ野郎の会,Blue-K18,6.8,2着,,26800,P0018
2026,Bリーグ,レギュラー, 181 ,2026/06/19,21:31:52,Vertice,ゆうー,-13.3,3着,,26700,P0203
2026,Bリーグ,レギュラー, 181 ,2026/06/19,21:31:52,La vie en Rose,まんまる,-47.5,4着,,12500,P0190
2026,Aリーグ,レギュラー, 182 ,2026/06/19,21:33:05,ＺＯＯ,サンタマルコ,62.5,1着,第一試合,42500,P0110
2026,Aリーグ,レギュラー, 182 ,2026/06/19,21:33:05,電光石火,ひろとだポン,1.0,2着,,21000,P0163
2026,Aリーグ,レギュラー, 182 ,2026/06/19,21:33:05,レッドリボン軍,とと,-20.1,3着,,19900,P0144
2026,Aリーグ,レギュラー, 182 ,2026/06/19,21:33:05,MJAC愛好会,ロッキンポ,-43.4,4着,,16600,P0223
2026,Bリーグ,レギュラー, 183 ,2026/06/19,21:33:32,チートイズ,しげぞー,64.9,1着,第一試合,44900,P0114
2026,Bリーグ,レギュラー, 183 ,2026/06/19,21:33:32,IRU,shige,5.6,2着,,25600,P0056
2026,Bリーグ,レギュラー, 183 ,2026/06/19,21:33:32,TEAM AJITO,神田大行,-22.1,3着,,17900,P0282
2026,Bリーグ,レギュラー, 183 ,2026/06/19,21:33:32,教室生☆KSC,w-baby,-48.4,4着,,11600,P0060
2026,Bリーグ,レギュラー, 184 ,2026/06/19,21:40:14,他力本願寺,YOU太郎,61.1,1着,第一試合,41100,P0064
2026,Bリーグ,レギュラー, 184 ,2026/06/19,21:40:14,Team MJ lovers,小林宏康,11.9,2着,,31900,P0275
2026,Bリーグ,レギュラー, 184 ,2026/06/19,21:40:14,楽しめばイイ雀,七対子大好き,-11.4,3着,,28600,P0267
2026,Bリーグ,レギュラー, 184 ,2026/06/19,21:40:14,おたまーず,鰤トニー,-61.6,4着,,-1600,P0326
2026,Aリーグ,レギュラー, 185 ,2026/06/19,21:42:33,SILVER WOLVES,阿賀寿直,65.1,1着,第一試合,45100,P0228
2026,Aリーグ,レギュラー, 185 ,2026/06/19,21:42:33,たちこまーず,坊や哲,19.6,2着,,39600,P0310
2026,Aリーグ,レギュラー, 185 ,2026/06/19,21:42:33,HIVE,ぽこぽこぽこり,-7.3,3着,,32700,P0179
2026,Aリーグ,レギュラー, 185 ,2026/06/19,21:42:33,最強位ズ,ねこます,-77.4,4着,,-17400,P0155
2026,Aリーグ,レギュラー, 186 ,2026/06/19,22:00:52,MJ東京,aimoni,74.3,1着,第一試合,54300,P0015
2026,Aリーグ,レギュラー, 186 ,2026/06/19,22:00:52,武装,年賀状,14.7,2着,,34700,P0307
2026,Aリーグ,レギュラー, 186 ,2026/06/19,22:00:52,SSブルーバーズ,サヴェ松田,-25.1,3着,,14900,P0107
2026,Aリーグ,レギュラー, 186 ,2026/06/19,22:00:52,enjoyすればイイ雀！,みや,-63.9,4着,,-3900,P0195
2026,Bリーグ,レギュラー, 187 ,2026/06/19,22:24:08,おたまーず,くれば,78.1,1着,第二試合,58100,P0101
2026,Bリーグ,レギュラー, 187 ,2026/06/19,22:24:08,楽しめばイイ雀,小四喜大好き,18.8,2着,,38800,P0272
2026,Bリーグ,レギュラー, 187 ,2026/06/19,22:24:08,Team MJ lovers,μゆぅちゃん,-32.9,3着,,7100,P0327
2026,Bリーグ,レギュラー, 187 ,2026/06/19,22:24:08,他力本願寺,灰鶴,-64.0,4着,,-4000,P0239
2026,Bリーグ,レギュラー, 188 ,2026/06/19,22:27:22,TEAM AJITO,神田大行,61.3,1着,第二試合,41300,P0282
2026,Bリーグ,レギュラー, 188 ,2026/06/19,22:27:22,教室生☆KSC,Anmi,3.1,2着,,23100,P0016
2026,Bリーグ,レギュラー, 188 ,2026/06/19,22:27:22,チートイズ,014のりたま,-20.4,3着,,19600,P0011
2026,Bリーグ,レギュラー, 188 ,2026/06/19,22:27:22,IRU,uki,-44.0,4着,,16000,P0059
2026,Aリーグ,レギュラー, 189 ,2026/06/19,22:31:16,MJ東京,キレそう,54.3,1着,第二試合,34300,P0097
2026,Aリーグ,レギュラー, 189 ,2026/06/19,22:31:16,武装,ゆんゆん,9.0,2着,,29000,P0210
2026,Aリーグ,レギュラー, 189 ,2026/06/19,22:31:16,enjoyすればイイ雀！,せなmam@,-18.6,3着,,21400,P0124
2026,Aリーグ,レギュラー, 189 ,2026/06/19,22:31:16,SSブルーバーズ,きめっち,-44.7,4着,,15300,P0095
2026,Aリーグ,レギュラー, 190 ,2026/06/19,22:32:59,電光石火,EmperorTime,52.9,1着,第二試合,32900,P0024
2026,Aリーグ,レギュラー, 190 ,2026/06/19,22:32:59,ＺＯＯ,Bu Ki Chi,12.4,2着,,32400,P0020
2026,Aリーグ,レギュラー, 190 ,2026/06/19,22:32:59,レッドリボン軍,くまさぶろー,-21.3,3着,,18700,P0100
2026,Aリーグ,レギュラー, 190 ,2026/06/19,22:32:59,MJAC愛好会,冬のミルク,-44.0,4着,,16000,P0304
2026,Aリーグ,レギュラー, 191 ,2026/06/19,22:36:57,最強位ズ,ｒｒｒｒｒｒ,57.3,1着,第二試合,37300,P0053
2026,Aリーグ,レギュラー, 191 ,2026/06/19,22:36:57,SILVER WOLVES,石川安牌,16.2,2着,,36200,P0284
2026,Aリーグ,レギュラー, 191 ,2026/06/19,22:36:57,HIVE,ぽこぽこぽこり,-26.2,3着,,13800,P0179
2026,Aリーグ,レギュラー, 191 ,2026/06/19,22:36:57,たちこまーず,おしゃる,-47.3,4着,,12700,P0082
2026,Bリーグ,レギュラー, 192 ,2026/06/19,22:44:47,Brave Revengers,りきまーる,70.5,1着,第二試合,50500,P0214
2026,Bリーグ,レギュラー, 192 ,2026/06/19,22:44:47,Vertice,ゆうー,18.8,2着,,38800,P0203
2026,Bリーグ,レギュラー, 192 ,2026/06/19,22:44:47,La vie en Rose,ふとふと,-26.8,3着,,13200,P0167
2026,Bリーグ,レギュラー, 192 ,2026/06/19,22:44:47,さわやかMJ野郎の会,ソニア@SMY会,-62.5,4着,,-2500,P0127
2026,Aリーグ,レギュラー, 193 ,2026/06/22,21:25:33,電光石火,魔王,52.1,1着,第一試合,32100,P0312
2026,Aリーグ,レギュラー, 193 ,2026/06/22,21:25:33,ＺＯＯ,ご飯にバター,5.0,2着,,25000,P0106
2026,Aリーグ,レギュラー, 193 ,2026/06/22,21:25:33,HIVE,ぼうや@HIVE,-16.8,3着,,23200,P0177
2026,Aリーグ,レギュラー, 193 ,2026/06/22,21:25:33,enjoyすればイイ雀！,じゅねこ,-40.3,4着,,19700,P0116
2026,Bリーグ,レギュラー, 194 ,2026/06/22,21:29:52,おたまーず,おたま♪,53.3,1着,第一試合,33300,P0084
2026,Bリーグ,レギュラー, 194 ,2026/06/22,21:29:52,La vie en Rose,匕首◆,12.1,2着,,32100,P0325
2026,Bリーグ,レギュラー, 194 ,2026/06/22,21:29:52,チートイズ,dia,-19.4,3着,,20600,P0023
2026,Bリーグ,レギュラー, 194 ,2026/06/22,21:29:52,さわやかMJ野郎の会,パイ乙戦士全ツ,-46.0,4着,,14000,P0156
2026,Aリーグ,レギュラー, 195 ,2026/06/22,21:34:26,最強位ズ,ｒｒｒｒｒｒ,57.3,1着,第一試合,37300,P0053
2026,Aリーグ,レギュラー, 195 ,2026/06/22,21:34:26,SSブルーバーズ,おむ,11.3,2着,,31300,P0086
2026,Aリーグ,レギュラー, 195 ,2026/06/22,21:34:26,レッドリボン軍,とと,-23.6,3着,,16400,P0144
2026,Aリーグ,レギュラー, 195 ,2026/06/22,21:34:26,SILVER WOLVES,阿賀寿直,-45.0,4着,,15000,P0228
2026,Aリーグ,レギュラー, 196 ,2026/06/22,21:36:10,MJ東京,J,52.2,1着,第一試合,32200,P0032
2026,Aリーグ,レギュラー, 196 ,2026/06/22,21:36:10,武装,ツナマヨ,9.8,2着,,29800,P0138
2026,Aリーグ,レギュラー, 196 ,2026/06/22,21:36:10,たちこまーず,たちこま,-10.9,3着,,29100,P0134
2026,Aリーグ,レギュラー, 196 ,2026/06/22,21:36:10,MJAC愛好会,教室生 ユウ,-51.1,4着,,8900,P0248
2026,Bリーグ,レギュラー, 197 ,2026/06/22,21:36:59,教室生☆KSC,Redstar,71.5,1着,第一試合,51500,P0051
2026,Bリーグ,レギュラー, 197 ,2026/06/22,21:36:59,Brave Revengers,仇森龍,30.0,2着,,50000,P0245
2026,Bリーグ,レギュラー, 197 ,2026/06/22,21:36:59,他力本願寺,灰鶴,-39.6,3着,,400,P0239
2026,Bリーグ,レギュラー, 197 ,2026/06/22,21:36:59,楽しめばイイ雀,くすだま,-61.9,4着,,-1900,P0098
2026,Bリーグ,レギュラー, 198 ,2026/06/22,21:51:45,Vertice,moka,60.8,1着,第一試合,40800,P0042
2026,Bリーグ,レギュラー, 198 ,2026/06/22,21:51:45,TEAM AJITO,chemi,18.9,2着,,38900,P0022
2026,Bリーグ,レギュラー, 198 ,2026/06/22,21:51:45,Team MJ lovers,ysk,-11.5,3着,,28500,P0065
2026,Bリーグ,レギュラー, 198 ,2026/06/22,21:51:45,IRU,猪突猛進男,-68.2,4着,,-8200,P0299
2026,Bリーグ,レギュラー, 199 ,2026/06/22,22:29:06,Vertice,フィーレン,52.6,1着,第二試合,32600,P0164
2026,Bリーグ,レギュラー, 199 ,2026/06/22,22:29:06,IRU,奥山瞭,9.8,2着,,29800,P0216
2026,Bリーグ,レギュラー, 199 ,2026/06/22,22:29:06,Team MJ lovers,ysk,-15.2,3着,,24800,P0065
2026,Bリーグ,レギュラー, 199 ,2026/06/22,22:29:06,TEAM AJITO,明信,-47.2,4着,,12800,P0315
2026,Bリーグ,レギュラー, 200 ,2026/06/22,22:30:16,おたまーず,鰤トニー,56.9,1着,第二試合,36900,P0326
2026,Bリーグ,レギュラー, 200 ,2026/06/22,22:30:16,La vie en Rose,３１０７,11.1,2着,,31100,P0013
2026,Bリーグ,レギュラー, 200 ,2026/06/22,22:30:16,さわやかMJ野郎の会,★月刃★,-23.9,3着,,16100,P0006
2026,Bリーグ,レギュラー, 200 ,2026/06/22,22:30:16,チートイズ,014のりたま,-44.1,4着,,15900,P0011
2026,Bリーグ,レギュラー, 201 ,2026/06/22,22:32:03,Brave Revengers,nesre,52.2,1着,第二試合,32200,P0047
2026,Bリーグ,レギュラー, 201 ,2026/06/22,22:32:03,他力本願寺,まんまるきや,4.9,2着,,24900,P0191
2026,Bリーグ,レギュラー, 201 ,2026/06/22,22:32:03,教室生☆KSC,悠紀子,-16.6,3着,,23400,P0318
2026,Bリーグ,レギュラー, 201 ,2026/06/22,22:32:03,楽しめばイイ雀,くすだま,-40.5,4着,,19500,P0098
2026,Aリーグ,レギュラー, 202 ,2026/06/22,22:35:33,最強位ズ,まびたん,74.9,1着,第二試合,54900,P0187
2026,Aリーグ,レギュラー, 202 ,2026/06/22,22:35:33,レッドリボン軍,なおすけ,10.3,2着,,30300,P0150
2026,Aリーグ,レギュラー, 202 ,2026/06/22,22:35:33,SILVER WOLVES,まーくん RMU,-16.2,3着,,23800,P0184
2026,Aリーグ,レギュラー, 202 ,2026/06/22,22:35:33,SSブルーバーズ,Hara,-69.0,4着,,-9000,P0029
2026,Aリーグ,レギュラー, 203 ,2026/06/22,22:35:49,MJAC愛好会,亜空間コツボー,55.9,1着,第二試合,35900,P0227
2026,Aリーグ,レギュラー, 203 ,2026/06/22,22:35:49,たちこまーず,よつば@tobi,5.0,2着,,25000,P0211
2026,Aリーグ,レギュラー, 203 ,2026/06/22,22:35:49,MJ東京,aimoni,-18.4,3着,,21600,P0015
2026,Aリーグ,レギュラー, 203 ,2026/06/22,22:35:49,武装,赤哲,-42.5,4着,,17500,P0288
2026,Aリーグ,レギュラー, 204 ,2026/06/22,22:36:14,電光石火,どっち？弾平,78.9,1着,第二試合,58900,P0143
2026,Aリーグ,レギュラー, 204 ,2026/06/22,22:36:14,HIVE,最後のZ戦士達,12.2,2着,,32200,P0261
2026,Aリーグ,レギュラー, 204 ,2026/06/22,22:36:14,enjoyすればイイ雀！,じゅねこ,-13.0,3着,,27000,P0116
2026,Aリーグ,レギュラー, 204 ,2026/06/22,22:36:14,ＺＯＯ,サンタマルコ,-78.1,4着,,-18100,P0110
2026,Bリーグ,レギュラー, 205 ,2026/06/23,21:27:00,楽しめばイイ雀,七対子大好き,53.0,1着,第一試合,33000,P0267
2026,Bリーグ,レギュラー, 205 ,2026/06/23,21:27:00,さわやかMJ野郎の会,黒太郎@SMY会,4.0,2着,,24000,P0260
2026,Bリーグ,レギュラー, 205 ,2026/06/23,21:27:00,Team MJ lovers,溝渕智也,-17.6,3着,,22400,P0259
2026,Bリーグ,レギュラー, 205 ,2026/06/23,21:27:00,おたまーず,くれば,-39.4,4着,,20600,P0101
2026,Aリーグ,レギュラー, 206 ,2026/06/23,21:27:40,SILVER WOLVES,松崎真也,58.6,1着,第一試合,38600,P0276
2026,Aリーグ,レギュラー, 206 ,2026/06/23,21:27:40,レッドリボン軍,梁瀬健太郎,3.6,2着,,23600,P0063
2026,Aリーグ,レギュラー, 206 ,2026/06/23,21:27:40,ＺＯＯ,戯言遣い,-20.3,3着,,19700,P0242
2026,Aリーグ,レギュラー, 206 ,2026/06/23,21:27:40,MJAC愛好会,つかぴー,-41.9,4着,,18100,P0137
2026,Bリーグ,レギュラー, 207 ,2026/06/23,21:29:23,Brave Revengers,サブ垢先輩,67.0,1着,第一試合,47000,P0109
2026,Bリーグ,レギュラー, 207 ,2026/06/23,21:29:23,IRU,奥山瞭,2.9,2着,,22900,P0216
2026,Bリーグ,レギュラー, 207 ,2026/06/23,21:29:23,La vie en Rose,ジョーカー,-24.0,3着,,16000,P0118
2026,Bリーグ,レギュラー, 207 ,2026/06/23,21:29:23,TEAM AJITO,支援紳士,-45.9,4着,,14100,P0265
2026,Aリーグ,レギュラー, 208 ,2026/06/23,21:40:53,最強位ズ,ブ茶ラティ,53.6,1着,第一試合,33600,P0171
2026,Aリーグ,レギュラー, 208 ,2026/06/23,21:40:53,MJ東京,キラ、,12.0,2着,,32000,P0096
2026,Aリーグ,レギュラー, 208 ,2026/06/23,21:40:53,武装,とむとむ,-22.2,3着,,17800,P0146
2026,Aリーグ,レギュラー, 208 ,2026/06/23,21:40:53,HIVE,カルア,-43.4,4着,,16600,P0093
2026,Bリーグ,レギュラー, 209 ,2026/06/23,21:41:31,教室生☆KSC,Redstar,58.6,1着,第一試合,38600,P0051
2026,Bリーグ,レギュラー, 209 ,2026/06/23,21:41:31,チートイズ,dia,15.6,2着,,35600,P0023
2026,Bリーグ,レギュラー, 209 ,2026/06/23,21:41:31,Vertice,みーやん19,-23.2,3着,,16800,P0192
2026,Bリーグ,レギュラー, 209 ,2026/06/23,21:41:31,他力本願寺,とり,-51.0,4着,,9000,P0148
2026,Aリーグ,レギュラー, 210 ,2026/06/23,21:42:25,SSブルーバーズ,石田亮太,55.8,1着,第一試合,35800,P0014
2026,Aリーグ,レギュラー, 210 ,2026/06/23,21:42:25,enjoyすればイイ雀！,せなmam@,11.8,2着,,31800,P0124
2026,Aリーグ,レギュラー, 210 ,2026/06/23,21:42:25,電光石火,けっけ,-16.2,3着,,23800,P0102
2026,Aリーグ,レギュラー, 210 ,2026/06/23,21:42:25,たちこまーず,たちこま,-51.4,4着,,8600,P0134
2026,Bリーグ,レギュラー, 211 ,2026/06/23,22:24:07,おたまーず,樹央,70.1,1着,第二試合,50100,P0268
2026,Bリーグ,レギュラー, 211 ,2026/06/23,22:24:07,楽しめばイイ雀,小四喜大好き,2.7,2着,,22700,P0272
2026,Bリーグ,レギュラー, 211 ,2026/06/23,22:24:07,Team MJ lovers,溝渕智也,-22.6,3着,,17400,P0259
2026,Bリーグ,レギュラー, 211 ,2026/06/23,22:24:07,さわやかMJ野郎の会,ソニア@SMY会,-50.2,4着,,9800,P0127
2026,Aリーグ,レギュラー, 212 ,2026/06/23,22:34:48,ＺＯＯ,すー,74.0,1着,第二試合,54000,P0121
2026,Aリーグ,レギュラー, 212 ,2026/06/23,22:34:48,レッドリボン軍,小倉唯,12.5,2着,,32500,P0273
2026,Aリーグ,レギュラー, 212 ,2026/06/23,22:34:48,SILVER WOLVES,田口淳之介,-18.5,3着,,21500,P0269
2026,Aリーグ,レギュラー, 212 ,2026/06/23,22:34:48,MJAC愛好会,湾奥アングラー,-68.0,4着,,-8000,P0323
2026,Bリーグ,レギュラー, 213 ,2026/06/23,22:36:09,Vertice,しょう&るな,70.2,1着,第二試合,50200,P0117
2026,Bリーグ,レギュラー, 213 ,2026/06/23,22:36:09,チートイズ,おさやスイープ,6.5,2着,,26500,P0081
2026,Bリーグ,レギュラー, 213 ,2026/06/23,22:36:09,教室生☆KSC,Anmi,-17.5,3着,,22500,P0016
2026,Bリーグ,レギュラー, 213 ,2026/06/23,22:36:09,他力本願寺,とり,-59.2,4着,,800,P0148
2026,Aリーグ,レギュラー, 214 ,2026/06/23,22:36:40,MJ東京,えんがわ,97.1,1着,第二試合,77100,P0078
2026,Aリーグ,レギュラー, 214 ,2026/06/23,22:36:40,武装,フィクション,8.2,2着,,28200,P0165
2026,Aリーグ,レギュラー, 214 ,2026/06/23,22:36:40,最強位ズ,まびたん,-18.6,3着,,21400,P0187
2026,Aリーグ,レギュラー, 214 ,2026/06/23,22:36:40,HIVE,ぽこぽこぽこり,-86.7,4着,,-26700,P0179
2026,Aリーグ,レギュラー, 215 ,2026/06/23,22:47:13,たちこまーず,たちこま,56.7,1着,第二試合,36700,P0134
2026,Aリーグ,レギュラー, 215 ,2026/06/23,22:47:13,enjoyすればイイ雀！,Blush,7.0,2着,,27000,P0019
2026,Aリーグ,レギュラー, 215 ,2026/06/23,22:47:13,SSブルーバーズ,ハナノア,-19.4,3着,,20600,P0158
2026,Aリーグ,レギュラー, 215 ,2026/06/23,22:47:13,電光石火,魔王,-44.3,4着,,15700,P0312
2026,Bリーグ,レギュラー, 216 ,2026/06/23,22:53:38,Brave Revengers,みり,78.0,1着,第二試合,58000,P0196
2026,Bリーグ,レギュラー, 216 ,2026/06/23,22:53:38,TEAM AJITO,ヤス,-2.9,2着,,17100,P0199
2026,Bリーグ,レギュラー, 216 ,2026/06/23,22:53:38,La vie en Rose,★神威★,-26.0,3着,,14000,P0007
2026,Bリーグ,レギュラー, 216 ,2026/06/23,22:53:38,IRU,？？？？？,-49.1,4着,,10900,P0001
2026,Aリーグ,レギュラー, 217 ,2026/06/25,21:24:36,ＺＯＯ,ご飯にバター,59.9,1着,第一試合,39900,P0106
2026,Aリーグ,レギュラー, 217 ,2026/06/25,21:24:36,武装,アベキング,9.6,2着,,29600,P0070
2026,Aリーグ,レギュラー, 217 ,2026/06/25,21:24:36,enjoyすればイイ雀！,みや,-20.6,3着,,19400,P0195
2026,Aリーグ,レギュラー, 217 ,2026/06/25,21:24:36,HIVE,カルア,-48.9,4着,,11100,P0093
2026,Bリーグ,レギュラー, 218 ,2026/06/25,21:27:43,おたまーず,羽田暁音,64.6,1着,第一試合,44600,P0232
2026,Bリーグ,レギュラー, 218 ,2026/06/25,21:27:43,さわやかMJ野郎の会,つよ,9.3,2着,,29300,P0139
2026,Bリーグ,レギュラー, 218 ,2026/06/25,21:27:43,Vertice,moka,-26.7,3着,,13300,P0042
2026,Bリーグ,レギュラー, 218 ,2026/06/25,21:27:43,TEAM AJITO,神田大行,-47.2,4着,,12800,P0282
2026,Bリーグ,レギュラー, 219 ,2026/06/25,21:33:35,Brave Revengers,りゅー,62.1,1着,第一試合,42100,P0215
2026,Bリーグ,レギュラー, 219 ,2026/06/25,21:33:35,教室生☆KSC,Redstar,21.1,2着,,41100,P0051
2026,Bリーグ,レギュラー, 219 ,2026/06/25,21:33:35,IRU,猪突猛進男,-22.4,3着,,17600,P0299
2026,Bリーグ,レギュラー, 219 ,2026/06/25,21:33:35,楽しめばイイ雀,ゆうやなのだ,-60.8,4着,,-800,P0205
2026,Aリーグ,レギュラー, 220 ,2026/06/25,21:47:01,MJAC愛好会,おかぴー,69.0,1着,第一試合,49000,P0079
2026,Aリーグ,レギュラー, 220 ,2026/06/25,21:47:01,最強位ズ,Hiromu,22.2,2着,,42200,P0030
2026,Aリーグ,レギュラー, 220 ,2026/06/25,21:47:01,電光石火,けっけ,-23.1,3着,,16900,P0102
2026,Aリーグ,レギュラー, 220 ,2026/06/25,21:47:01,SSブルーバーズ,サヴェ松田,-68.1,4着,,-8100,P0107
2026,Aリーグ,レギュラー, 221 ,2026/06/25,21:49:44,SILVER WOLVES,橋本るり子,57.7,1着,第一試合,37700,P0249
2026,Aリーグ,レギュラー, 221 ,2026/06/25,21:49:44,レッドリボン軍,B地区,7.7,2着,,27700,P0021
2026,Aリーグ,レギュラー, 221 ,2026/06/25,21:49:44,MJ東京,葛餅,-19.6,3着,,20400,P0240
2026,Aリーグ,レギュラー, 221 ,2026/06/25,21:49:44,たちこまーず,JILL,-45.8,4着,,14200,P0033
2026,Bリーグ,レギュラー, 222 ,2026/06/25,21:59:00,La vie en Rose,まんまる,97.8,1着,第一試合,77800,P0190
2026,Bリーグ,レギュラー, 222 ,2026/06/25,21:59:00,チートイズ,公務員麻雀M,3.8,2着,,23800,P0258
2026,Bリーグ,レギュラー, 222 ,2026/06/25,21:59:00,Team MJ lovers,ysk,-35.2,3着,,4800,P0065
2026,Bリーグ,レギュラー, 222 ,2026/06/25,21:59:00,他力本願寺,とり,-66.4,4着,,-6400,P0148
2026,Aリーグ,レギュラー, 223 ,2026/06/25,22:26:06,MJAC愛好会,ロンリーボーイ,51.5,1着,第二試合,31500,P0224
2026,Aリーグ,レギュラー, 223 ,2026/06/25,22:26:06,電光石火,k-k,6.1,2着,,26100,P0034
2026,Aリーグ,レギュラー, 223 ,2026/06/25,22:26:06,最強位ズ,ダイゴ＠LA,-15.6,3着,,24400,P0130
2026,Aリーグ,レギュラー, 223 ,2026/06/25,22:26:06,SSブルーバーズ,鈴木正道,-42.0,4着,,18000,P0004
2026,Bリーグ,レギュラー, 224 ,2026/06/25,22:33:38,La vie en Rose,なほみん,56.1,1着,第二試合,36100,P0153
2026,Bリーグ,レギュラー, 224 ,2026/06/25,22:33:38,他力本願寺,たくおっち,16.0,2着,,36000,P0132
2026,Bリーグ,レギュラー, 224 ,2026/06/25,22:33:38,Team MJ lovers,ysk,-22.0,3着,,18000,P0065
2026,Bリーグ,レギュラー, 224 ,2026/06/25,22:33:38,チートイズ,おさやスイープ,-50.1,4着,,9900,P0081
2026,Aリーグ,レギュラー, 225 ,2026/06/25,22:37:16,武装,ゆんゆん,55.5,1着,第二試合,35500,P0210
2026,Aリーグ,レギュラー, 225 ,2026/06/25,22:37:16,ＺＯＯ,ご飯にバター,10.2,2着,,30200,P0106
2026,Aリーグ,レギュラー, 225 ,2026/06/25,22:37:16,enjoyすればイイ雀！,ブロッケンG,-10.3,3着,,29700,P0170
2026,Aリーグ,レギュラー, 225 ,2026/06/25,22:37:16,HIVE,最後のZ戦士達,-55.4,4着,,4600,P0261
2026,Aリーグ,レギュラー, 226 ,2026/06/25,22:37:55,レッドリボン軍,ベヘリット,98.7,1着,第二試合,78700,P0174
2026,Aリーグ,レギュラー, 226 ,2026/06/25,22:37:55,SILVER WOLVES,上野あいみ,8.7,2着,,28700,P0279
2026,Aリーグ,レギュラー, 226 ,2026/06/25,22:37:55,たちこまーず,はち,-38.6,3着,,1400,P0157
2026,Aリーグ,レギュラー, 226 ,2026/06/25,22:37:55,MJ東京,Mychemi,-68.8,4着,,-8800,P0044
2026,Bリーグ,レギュラー, 227 ,2026/06/25,22:39:59,さわやかMJ野郎の会,★月刃★,67.3,1着,第二試合,47300,P0006
2026,Bリーグ,レギュラー, 227 ,2026/06/25,22:39:59,TEAM AJITO,TOM,8.3,2着,,28300,P0057
2026,Bリーグ,レギュラー, 227 ,2026/06/25,22:39:59,Vertice,ゆうー,-25.2,3着,,14800,P0203
2026,Bリーグ,レギュラー, 227 ,2026/06/25,22:39:59,おたまーず,羽田暁音,-50.4,4着,,9600,P0232
2026,Bリーグ,レギュラー, 228 ,2026/06/25,22:43:43,IRU,蒼,65.3,1着,第二試合,45300,P0293
2026,Bリーグ,レギュラー, 228 ,2026/06/25,22:43:43,Brave Revengers,仇森龍,12.9,2着,,32900,P0245
2026,Bリーグ,レギュラー, 228 ,2026/06/25,22:43:43,教室生☆KSC,Anmi,-20.1,3着,,19900,P0016
2026,Bリーグ,レギュラー, 228 ,2026/06/25,22:43:43,楽しめばイイ雀,Kou,-58.1,4着,,1900,P0038
2026,Bリーグ,レギュラー, 229 ,2026/06/26,21:23:48,Vertice,フィーレン,61.9,1着,第一試合,41900,P0164
2026,Bリーグ,レギュラー, 229 ,2026/06/26,21:23:48,教室生☆KSC,☆魔雀T塾生☆,16.2,2着,,36200,P0010
2026,Bリーグ,レギュラー, 229 ,2026/06/26,21:23:48,チートイズ,あすてる,-20.7,3着,,19300,P0067
2026,Bリーグ,レギュラー, 229 ,2026/06/26,21:23:48,おたまーず,おたま♪,-57.4,4着,,2600,P0084
2026,Bリーグ,レギュラー, 230 ,2026/06/26,21:33:56,TEAM AJITO,KGRS,57.0,1着,第一試合,37000,P0037
2026,Bリーグ,レギュラー, 230 ,2026/06/26,21:33:56,La vie en Rose,ジョーカー,8.7,2着,,28700,P0118
2026,Bリーグ,レギュラー, 230 ,2026/06/26,21:33:56,楽しめばイイ雀,わたちゃん,-20.8,3着,,19200,P0226
2026,Bリーグ,レギュラー, 230 ,2026/06/26,21:33:56,他力本願寺,YOU太郎,-44.9,4着,,15100,P0064
2026,Bリーグ,レギュラー, 231 ,2026/06/26,21:36:21,Brave Revengers,nesre,72.6,1着,第一試合,52600,P0047
2026,Bリーグ,レギュラー, 231 ,2026/06/26,21:36:21,Team MJ lovers,μゆぅちゃん,10.9,2着,,30900,P0327
2026,Bリーグ,レギュラー, 231 ,2026/06/26,21:36:21,IRU,？？？？？,-19.2,3着,,20800,P0001
2026,Bリーグ,レギュラー, 231 ,2026/06/26,21:36:21,さわやかMJ野郎の会,黙示録@SMY会,-64.3,4着,,-4300,P0316
2026,Aリーグ,レギュラー, 232 ,2026/06/26,21:36:41,SILVER WOLVES,阿賀寿直,64.9,1着,第一試合,44900,P0228
2026,Aリーグ,レギュラー, 232 ,2026/06/26,21:36:41,武装,年賀状,21.5,2着,,41500,P0307
2026,Aリーグ,レギュラー, 232 ,2026/06/26,21:36:41,HIVE,郷 ひろし,-23.3,3着,,16700,P0250
2026,Aリーグ,レギュラー, 232 ,2026/06/26,21:36:41,MJAC愛好会,ロッキンポ,-63.1,4着,,-3100,P0223
2026,Aリーグ,レギュラー, 233 ,2026/06/26,21:37:22,最強位ズ,リョータ,61.3,1着,第一試合,41300,P0217
2026,Aリーグ,レギュラー, 233 ,2026/06/26,21:37:22,MJ東京,ななね,8.7,2着,,28700,P0152
2026,Aリーグ,レギュラー, 233 ,2026/06/26,21:37:22,ＺＯＯ,すー,-13.7,3着,,26300,P0121
2026,Aリーグ,レギュラー, 233 ,2026/06/26,21:37:22,電光石火,k-k,-56.3,4着,,3700,P0034
2026,Aリーグ,レギュラー, 234 ,2026/06/26,21:46:29,SSブルーバーズ,どうみき,60.1,1着,第一試合,40100,P0141
2026,Aリーグ,レギュラー, 234 ,2026/06/26,21:46:29,enjoyすればイイ雀！,銀河,5.9,2着,,25900,P0253
2026,Aリーグ,レギュラー, 234 ,2026/06/26,21:46:29,レッドリボン軍,くまさぶろー,-18.4,3着,,21600,P0100
2026,Aリーグ,レギュラー, 234 ,2026/06/26,21:46:29,たちこまーず,おしゃる,-47.6,4着,,12400,P0082
2026,Bリーグ,レギュラー, 235 ,2026/06/26,22:27:00,教室生☆KSC,☆魔雀T塾生☆,46.6,1着,第二試合,26600,P0010
2026,Bリーグ,レギュラー, 235 ,2026/06/26,22:27:00,Vertice,フィーレン,6.3,2着,,26300,P0164
2026,Bリーグ,レギュラー, 235 ,2026/06/26,22:27:00,チートイズ,じんぱぱ,-14.5,3着,,25500,P0120
2026,Bリーグ,レギュラー, 235 ,2026/06/26,22:27:00,おたまーず,おたま♪,-38.4,4着,,21600,P0084
2026,Aリーグ,レギュラー, 236 ,2026/06/26,22:30:19,たちこまーず,まぽぽ,52.4,1着,第二試合,32400,P0188
2026,Aリーグ,レギュラー, 236 ,2026/06/26,22:30:19,SSブルーバーズ,ポテト吉野,8.6,2着,,28600,P0181
2026,Aリーグ,レギュラー, 236 ,2026/06/26,22:30:19,enjoyすればイイ雀！,かに,-13.0,3着,,27000,P0091
2026,Aリーグ,レギュラー, 236 ,2026/06/26,22:30:19,レッドリボン軍,なおすけ,-48.0,4着,,12000,P0150
2026,Aリーグ,レギュラー, 237 ,2026/06/26,22:31:40,最強位ズ,ねこます,59.0,1着,第二試合,39000,P0155
2026,Aリーグ,レギュラー, 237 ,2026/06/26,22:31:40,電光石火,EmperorTime,7.7,2着,,27700,P0024
2026,Aリーグ,レギュラー, 237 ,2026/06/26,22:31:40,ＺＯＯ,ご飯にバター,-13.8,3着,,26200,P0106
2026,Aリーグ,レギュラー, 237 ,2026/06/26,22:31:40,MJ東京,キレそう,-52.9,4着,,7100,P0097
2026,Bリーグ,レギュラー, 238 ,2026/06/26,22:31:55,TEAM AJITO,ｋｅｎ@あじと,51.0,1着,第二試合,31000,P0036
2026,Bリーグ,レギュラー, 238 ,2026/06/26,22:31:55,La vie en Rose,ふとふと,6.8,2着,,26800,P0167
2026,Bリーグ,レギュラー, 238 ,2026/06/26,22:31:55,他力本願寺,まんまるきや,-18.5,3着,,21500,P0191
2026,Bリーグ,レギュラー, 238 ,2026/06/26,22:31:55,楽しめばイイ雀,nana.jo,-39.3,4着,,20700,P0045
2026,Bリーグ,レギュラー, 239 ,2026/06/26,22:34:52,Team MJ lovers,小林宏康,69.3,1着,第二試合,49300,P0275
2026,Bリーグ,レギュラー, 239 ,2026/06/26,22:34:52,さわやかMJ野郎の会,Blue-K18,12.9,2着,,32900,P0018
2026,Bリーグ,レギュラー, 239 ,2026/06/26,22:34:52,IRU,uki,-30.8,3着,,9200,P0059
2026,Bリーグ,レギュラー, 239 ,2026/06/26,22:34:52,Brave Revengers,ペン,-51.4,4着,,8600,P0175
2026,Aリーグ,レギュラー, 240 ,2026/06/26,22:37:30,HIVE,せいたろう,58.1,1着,第二試合,38100,P0122
2026,Aリーグ,レギュラー, 240 ,2026/06/26,22:37:30,MJAC愛好会,冬のミルク,11.5,2着,,31500,P0304
2026,Aリーグ,レギュラー, 240 ,2026/06/26,22:37:30,武装,しんじゃうツモ,-14.9,3着,,25100,P0119
2026,Aリーグ,レギュラー, 240 ,2026/06/26,22:37:30,SILVER WOLVES,石川安牌,-54.7,4着,,5300,P0284
2026,Bリーグ,レギュラー, 241 ,2026/06/29,21:28:11,さわやかMJ野郎の会,つよ,63.0,1着,第一試合,43000,P0139
2026,Bリーグ,レギュラー, 241 ,2026/06/29,21:28:11,他力本願寺,灰鶴,14.1,2着,,34100,P0239
2026,Bリーグ,レギュラー, 241 ,2026/06/29,21:28:11,教室生☆KSC,元教室生タク,-27.1,3着,,12900,P0255
2026,Bリーグ,レギュラー, 241 ,2026/06/29,21:28:11,TEAM AJITO,KGRS,-50.0,4着,,10000,P0037
2026,Aリーグ,レギュラー, 242 ,2026/06/29,21:35:04,enjoyすればイイ雀！,じゅねこ,62.9,1着,第一試合,42900,P0116
2026,Aリーグ,レギュラー, 242 ,2026/06/29,21:35:04,MJ東京,キラ、,12.2,2着,,32200,P0096
2026,Aリーグ,レギュラー, 242 ,2026/06/29,21:35:04,電光石火,ひろとだポン,-9.2,3着,,30800,P0163
2026,Aリーグ,レギュラー, 242 ,2026/06/29,21:35:04,SILVER WOLVES,阿賀寿直,-65.9,4着,,-5900,P0228
2026,Bリーグ,レギュラー, 243 ,2026/06/29,21:35:11,おたまーず,くれば,60.4,1着,第一試合,40400,P0101
2026,Bリーグ,レギュラー, 243 ,2026/06/29,21:35:11,IRU,aoking,17.5,2着,,37500,P0017
2026,Bリーグ,レギュラー, 243 ,2026/06/29,21:35:11,Vertice,ゆうー,-20.9,3着,,19100,P0203
2026,Bリーグ,レギュラー, 243 ,2026/06/29,21:35:11,楽しめばイイ雀,わたちゃん,-57.0,4着,,3000,P0226
2026,Bリーグ,レギュラー, 244 ,2026/06/29,21:36:10,Brave Revengers,nesre,99.3,1着,第一試合,79300,P0047
2026,Bリーグ,レギュラー, 244 ,2026/06/29,21:36:10,Team MJ lovers,喜多剛士@μ,2.7,2着,,22700,P0241
2026,Bリーグ,レギュラー, 244 ,2026/06/29,21:36:10,チートイズ,公務員麻雀M,-24.8,3着,,15200,P0258
2026,Bリーグ,レギュラー, 244 ,2026/06/29,21:36:10,La vie en Rose,匕首◆,-77.2,4着,,-17200,P0325
2026,Aリーグ,レギュラー, 245 ,2026/06/29,21:36:30,たちこまーず,坊や哲,49.9,1着,第一試合,29900,P0310
2026,Aリーグ,レギュラー, 245 ,2026/06/29,21:36:30,ＺＯＯ,すー,8.4,2着,,28400,P0121
2026,Aリーグ,レギュラー, 245 ,2026/06/29,21:36:30,レッドリボン軍,B地区,-11.7,3着,,28300,P0021
2026,Aリーグ,レギュラー, 245 ,2026/06/29,21:36:30,武装,乙子,-46.6,4着,,13400,P0236
2026,Aリーグ,レギュラー, 246 ,2026/06/29,21:39:36,MJAC愛好会,教室生 ユウ,61.6,1着,第一試合,41600,P0248
2026,Aリーグ,レギュラー, 246 ,2026/06/29,21:39:36,最強位ズ,Hiromu,10.0,2着,,30000,P0030
2026,Aリーグ,レギュラー, 246 ,2026/06/29,21:39:36,HIVE,郷 ひろし,-18.8,3着,,21200,P0250
2026,Aリーグ,レギュラー, 246 ,2026/06/29,21:39:36,SSブルーバーズ,Hara,-52.8,4着,,7200,P0029
2026,Aリーグ,レギュラー, 247 ,2026/06/29,22:37:21,最強位ズ,まびたん,70.0,1着,第二試合,50000,P0187
2026,Aリーグ,レギュラー, 247 ,2026/06/29,22:37:21,MJAC愛好会,打撃系ヤルカツ,4.9,2着,,24900,P0295
2026,Aリーグ,レギュラー, 247 ,2026/06/29,22:37:21,SSブルーバーズ,石田亮太,-21.8,3着,,18200,P0014
2026,Aリーグ,レギュラー, 247 ,2026/06/29,22:37:21,HIVE,最後のZ戦士達,-53.1,4着,,6900,P0261
2026,Aリーグ,レギュラー, 248 ,2026/06/29,22:37:27,SILVER WOLVES,まーくん RMU,64.8,1着,第二試合,44800,P0184
2026,Aリーグ,レギュラー, 248 ,2026/06/29,22:37:27,enjoyすればイイ雀！,べびたん,10.1,2着,,30100,P0173
2026,Aリーグ,レギュラー, 248 ,2026/06/29,22:37:27,MJ東京,葛餅,-21.6,3着,,18400,P0240
2026,Aリーグ,レギュラー, 248 ,2026/06/29,22:37:27,電光石火,ひろとだポン,-53.3,4着,,6700,P0163
2026,Bリーグ,レギュラー, 249 ,2026/06/29,22:41:21,教室生☆KSC,Redstar,51.4,1着,第一試合,31400,P0051
2026,Bリーグ,レギュラー, 249 ,2026/06/29,22:41:21,さわやかMJ野郎の会,Blue-K18,9.8,2着,,29800,P0018
2026,Bリーグ,レギュラー, 249 ,2026/06/29,22:41:21,他力本願寺,まんまるきや,-20.5,3着,,19500,P0191
2026,Bリーグ,レギュラー, 249 ,2026/06/29,22:41:21,TEAM AJITO,chemi,-40.7,4着,,19300,P0022
2026,Bリーグ,レギュラー, 250 ,2026/06/29,22:43:05,IRU,猪突猛進男,78.4,1着,第二試合,58400,P0299
2026,Bリーグ,レギュラー, 250 ,2026/06/29,22:43:05,楽しめばイイ雀,Kou,17.4,2着,,37400,P0038
2026,Bリーグ,レギュラー, 250 ,2026/06/29,22:43:05,Vertice,moka,-34.1,3着,,5900,P0042
2026,Bリーグ,レギュラー, 250 ,2026/06/29,22:43:05,おたまーず,エイデン二号機,-61.7,4着,,-1700,P0075
2026,Aリーグ,レギュラー, 251 ,2026/06/29,22:45:24,たちこまーず,たちこま,54.9,1着,第二試合,34900,P0134
2026,Aリーグ,レギュラー, 251 ,2026/06/29,22:45:24,武装,フィクション,10.1,2着,,30100,P0165
2026,Aリーグ,レギュラー, 251 ,2026/06/29,22:45:24,レッドリボン軍,くまさぶろー,-16.9,3着,,23100,P0100
2026,Aリーグ,レギュラー, 251 ,2026/06/29,22:45:24,ＺＯＯ,サンタマルコ,-48.1,4着,,11900,P0110
2026,Bリーグ,レギュラー, 252 ,2026/06/29,22:45:36,Team MJ lovers,喜多剛士@μ,56.1,1着,第二試合,36100,P0241
2026,Bリーグ,レギュラー, 252 ,2026/06/29,22:45:36,チートイズ,あすてる,9.5,2着,,29500,P0067
2026,Bリーグ,レギュラー, 252 ,2026/06/29,22:45:36,La vie en Rose,★神威★,-20.8,3着,,19200,P0007
2026,Bリーグ,レギュラー, 252 ,2026/06/29,22:45:36,Brave Revengers,りゅー,-44.8,4着,,15200,P0215
2026,Aリーグ,レギュラー, 253 ,2026/06/30,21:25:11,ＺＯＯ,サンタマルコ,52.6,1着,第一試合,32600,P0110
2026,Aリーグ,レギュラー, 253 ,2026/06/30,21:25:11,MJ東京,えんがわ,6.9,2着,,26900,P0078
2026,Aリーグ,レギュラー, 253 ,2026/06/30,21:25:11,最強位ズ,ｒｒｒｒｒｒ,-19.7,3着,,20300,P0053
2026,Aリーグ,レギュラー, 253 ,2026/06/30,21:25:11,たちこまーず,ミズゴロウ♂,-39.8,4着,,20200,P0193
2026,Aリーグ,レギュラー, 254 ,2026/06/30,21:29:53,SILVER WOLVES,松崎真也,58.3,1着,第一試合,38300,P0276
2026,Aリーグ,レギュラー, 254 ,2026/06/30,21:29:53,電光石火,k-k,10.9,2着,,30900,P0034
2026,Aリーグ,レギュラー, 254 ,2026/06/30,21:29:53,SSブルーバーズ,おむ,-9.6,3着,,30400,P0086
2026,Aリーグ,レギュラー, 254 ,2026/06/30,21:29:53,武装,アベキング,-59.6,4着,,400,P0070
2026,Bリーグ,レギュラー, 255 ,2026/06/30,21:32:56,Brave Revengers,サブ垢先輩,57.1,1着,第一試合,37100,P0109
2026,Bリーグ,レギュラー, 255 ,2026/06/30,21:32:56,おたまーず,鰤トニー,6.6,2着,,26600,P0326
2026,Bリーグ,レギュラー, 255 ,2026/06/30,21:32:56,教室生☆KSC,Redstar,-16.1,3着,,23900,P0051
2026,Bリーグ,レギュラー, 255 ,2026/06/30,21:32:56,Team MJ lovers,溝渕智也,-47.6,4着,,12400,P0259
2026,Bリーグ,レギュラー, 256 ,2026/06/30,21:33:55,IRU,？？？？？,68.1,1着,第一試合,48100,P0001
2026,Bリーグ,レギュラー, 256 ,2026/06/30,21:33:55,さわやかMJ野郎の会,黙示録@SMY会,21.3,2着,,41300,P0316
2026,Bリーグ,レギュラー, 256 ,2026/06/30,21:33:55,他力本願寺,YOU太郎,-20.0,3着,,20000,P0064
2026,Bリーグ,レギュラー, 256 ,2026/06/30,21:33:55,チートイズ,しげぞー,-69.4,4着,,-9400,P0114
2026,Aリーグ,レギュラー, 257 ,2026/06/30,21:37:13,HIVE,一之瀬 優,74.5,1着,第一試合,54500,P0230
2026,Aリーグ,レギュラー, 257 ,2026/06/30,21:37:13,enjoyすればイイ雀！,みや,21.8,2着,,41800,P0195
2026,Aリーグ,レギュラー, 257 ,2026/06/30,21:37:13,MJAC愛好会,つかぴー,-28.8,3着,,11200,P0137
2026,Aリーグ,レギュラー, 257 ,2026/06/30,21:37:13,レッドリボン軍,とと,-67.5,4着,,-7500,P0144
2026,Bリーグ,レギュラー, 258 ,2026/06/30,21:50:10,Vertice,フィーレン,74.2,1着,第一試合,54200,P0164
2026,Bリーグ,レギュラー, 258 ,2026/06/30,21:50:10,楽しめばイイ雀,七対子大好き,21.9,2着,,41900,P0267
2026,Bリーグ,レギュラー, 258 ,2026/06/30,21:50:10,La vie en Rose,まんまる,-6.8,3着,,33200,P0190
2026,Bリーグ,レギュラー, 258 ,2026/06/30,21:50:10,TEAM AJITO,flantic,-89.3,4着,,-29300,P0025
2026,Bリーグ,レギュラー, 259 ,2026/06/30,22:29:17,おたまーず,樹央,62.4,1着,第二試合,42400,P0268
2026,Bリーグ,レギュラー, 259 ,2026/06/30,22:29:17,Brave Revengers,仇森龍,8.7,2着,,28700,P0245
2026,Bリーグ,レギュラー, 259 ,2026/06/30,22:29:17,Team MJ lovers,ゆっしー@,-24.4,3着,,15600,P0207
2026,Bリーグ,レギュラー, 259 ,2026/06/30,22:29:17,教室生☆KSC,元教室生タク,-46.7,4着,,13300,P0255
2026,Aリーグ,レギュラー, 260 ,2026/06/30,22:31:48,HIVE,せいたろう,63.9,1着,第二試合,43900,P0122
2026,Aリーグ,レギュラー, 260 ,2026/06/30,22:31:48,enjoyすればイイ雀！,せなmam@,13.8,2着,,33800,P0124
2026,Aリーグ,レギュラー, 260 ,2026/06/30,22:31:48,レッドリボン軍,なおすけ,-27.4,3着,,12600,P0150
2026,Aリーグ,レギュラー, 260 ,2026/06/30,22:31:48,MJAC愛好会,亜空間コツボー,-50.3,4着,,9700,P0227
2026,Bリーグ,レギュラー, 261 ,2026/06/30,22:35:09,TEAM AJITO,神田大行,92.2,1着,第二試合,72200,P0282
2026,Bリーグ,レギュラー, 261 ,2026/06/30,22:35:09,Vertice,フィーレン,1.0,2着,,21000,P0164
2026,Bリーグ,レギュラー, 261 ,2026/06/30,22:35:09,La vie en Rose,３１０７,-34.6,3着,,5400,P0013
2026,Bリーグ,レギュラー, 261 ,2026/06/30,22:35:09,楽しめばイイ雀,捜査一課長,-58.6,4着,,1400,P0292
2026,Bリーグ,レギュラー, 262 ,2026/06/30,22:43:10,他力本願寺,まんまるきや,71.2,1着,第二試合,51200,P0191
2026,Bリーグ,レギュラー, 262 ,2026/06/30,22:43:10,さわやかMJ野郎の会,パイ乙戦士全ツ,11.8,2着,,31800,P0156
2026,Bリーグ,レギュラー, 262 ,2026/06/30,22:43:10,IRU,奥山瞭,-18.0,3着,,22000,P0216
2026,Bリーグ,レギュラー, 262 ,2026/06/30,22:43:10,チートイズ,しげぞー,-65.0,4着,,-5000,P0114
2026,Aリーグ,レギュラー, 263 ,2026/06/30,22:49:20,MJ東京,Mychemi,52.6,1着,第二試合,32600,P0044
2026,Aリーグ,レギュラー, 263 ,2026/06/30,22:49:20,最強位ズ,ダイゴ＠LA,9.1,2着,,29100,P0130
2026,Aリーグ,レギュラー, 263 ,2026/06/30,22:49:20,たちこまーず,おしゃる,-14.8,3着,,25200,P0082
2026,Aリーグ,レギュラー, 263 ,2026/06/30,22:49:20,ＺＯＯ,Bu Ki Chi,-46.9,4着,,13100,P0020
2026,Aリーグ,レギュラー, 264 ,2026/06/30,23:05:51,SILVER WOLVES,田口淳之介,57.6,1着,第二試合,37600,P0269
2026,Aリーグ,レギュラー, 264 ,2026/06/30,23:05:51,電光石火,どっち？弾平,11.5,2着,,31500,P0143
2026,Aリーグ,レギュラー, 264 ,2026/06/30,23:05:51,SSブルーバーズ,石田亮太,-21.4,3着,,18600,P0014
2026,Aリーグ,レギュラー, 264 ,2026/06/30,23:05:51,武装,とむとむ,-47.7,4着,,12300,P0146
2026,Bリーグ,レギュラー, 265 ,2026/07/02,21:28:44,教室生☆KSC,Anmi,54.9,1着,第一試合,34900,P0016
2026,Bリーグ,レギュラー, 265 ,2026/07/02,21:28:44,La vie en Rose,なほみん,11.4,2着,,31400,P0153
2026,Bリーグ,レギュラー, 265 ,2026/07/02,21:28:44,Vertice,抹茶,-16.0,3着,,24000,P0314
2026,Bリーグ,レギュラー, 265 ,2026/07/02,21:28:44,Brave Revengers,だーはら,-50.3,4着,,9700,P0129
2026,Aリーグ,レギュラー, 266 ,2026/07/02,21:29:09,MJ東京,J,68.3,1着,第一試合,48300,P0032
2026,Aリーグ,レギュラー, 266 ,2026/07/02,21:29:09,レッドリボン軍,とと,2.8,2着,,22800,P0144
2026,Aリーグ,レギュラー, 266 ,2026/07/02,21:29:09,SSブルーバーズ,鈴木正道,-24.2,3着,,15800,P0004
2026,Aリーグ,レギュラー, 266 ,2026/07/02,21:29:09,電光石火,ミッキー柳井,-46.9,4着,,13100,P0194
2026,Aリーグ,レギュラー, 267 ,2026/07/02,21:29:16,SILVER WOLVES,店長倍損の上司,59.7,1着,第一試合,39700,P0302
2026,Aリーグ,レギュラー, 267 ,2026/07/02,21:29:16,MJAC愛好会,おかぴー,17.8,2着,,37800,P0079
2026,Aリーグ,レギュラー, 267 ,2026/07/02,21:29:16,ＺＯＯ,rinruka,-23.1,3着,,16900,P0052
2026,Aリーグ,レギュラー, 267 ,2026/07/02,21:29:16,武装,ツナマヨ,-54.4,4着,,5600,P0138
2026,Bリーグ,レギュラー, 268 ,2026/07/02,21:29:24,さわやかMJ野郎の会,はなびん,56.6,1着,第一試合,36600,P0159
2026,Bリーグ,レギュラー, 268 ,2026/07/02,21:29:24,IRU,aoking,5.0,2着,,25000,P0017
2026,Bリーグ,レギュラー, 268 ,2026/07/02,21:29:24,楽しめばイイ雀,nana.jo,-19.3,3着,,20700,P0045
2026,Bリーグ,レギュラー, 268 ,2026/07/02,21:29:24,Team MJ lovers,ysk,-42.3,4着,,17700,P0065
2026,Bリーグ,レギュラー, 269 ,2026/07/02,21:31:06,チートイズ,dia,60.5,1着,第一試合,40500,P0023
2026,Bリーグ,レギュラー, 269 ,2026/07/02,21:31:06,おたまーず,羽田暁音,5.1,2着,,25100,P0232
2026,Bリーグ,レギュラー, 269 ,2026/07/02,21:31:06,TEAM AJITO,支援紳士,-19.4,3着,,20600,P0265
2026,Bリーグ,レギュラー, 269 ,2026/07/02,21:31:06,他力本願寺,灰鶴,-46.2,4着,,13800,P0239
2026,Aリーグ,レギュラー, 270 ,2026/07/02,21:44:42,enjoyすればイイ雀！,みや,69.7,1着,第一試合,49700,P0195
2026,Aリーグ,レギュラー, 270 ,2026/07/02,21:44:42,たちこまーず,ミズゴロウ♂,4.4,2着,,24400,P0193
2026,Aリーグ,レギュラー, 270 ,2026/07/02,21:44:42,HIVE,カルア,-26.8,3着,,13200,P0093
2026,Aリーグ,レギュラー, 270 ,2026/07/02,21:44:42,最強位ズ,ねこます,-47.3,4着,,12700,P0155
2026,Bリーグ,レギュラー, 271 ,2026/07/02,22:30:22,TEAM AJITO,TOM,63.0,1着,第二試合,43000,P0057
2026,Bリーグ,レギュラー, 271 ,2026/07/02,22:30:22,チートイズ,しげぞー,2.9,2着,,22900,P0114
2026,Bリーグ,レギュラー, 271 ,2026/07/02,22:30:22,他力本願寺,とり,-18.4,3着,,21600,P0148
2026,Bリーグ,レギュラー, 271 ,2026/07/02,22:30:22,おたまーず,羽田暁音,-47.5,4着,,12500,P0232
2026,Aリーグ,レギュラー, 272 ,2026/07/02,22:31:23,最強位ズ,ダイゴ＠LA,62.9,1着,第二試合,42900,P0130
2026,Aリーグ,レギュラー, 272 ,2026/07/02,22:31:23,HIVE,ぽこぽこぽこり,12.0,2着,,32000,P0179
2026,Aリーグ,レギュラー, 272 ,2026/07/02,22:31:23,たちこまーず,まぽぽ,-15.2,3着,,24800,P0188
2026,Aリーグ,レギュラー, 272 ,2026/07/02,22:31:23,enjoyすればイイ雀！,ブロッケンG,-59.7,4着,,300,P0170
2026,Bリーグ,レギュラー, 273 ,2026/07/02,22:34:58,教室生☆KSC,悠紀子,76.2,1着,第二試合,56200,P0318
2026,Bリーグ,レギュラー, 273 ,2026/07/02,22:34:58,Brave Revengers,ペン,26.8,2着,,46800,P0175
2026,Bリーグ,レギュラー, 273 ,2026/07/02,22:34:58,La vie en Rose,ふとふと,-37.5,3着,,2500,P0167
2026,Bリーグ,レギュラー, 273 ,2026/07/02,22:34:58,Vertice,抹茶,-65.5,4着,,-5500,P0314
2026,Aリーグ,レギュラー, 274 ,2026/07/02,22:37:27,SILVER WOLVES,橋本るり子,55.0,1着,第二試合,35000,P0249
2026,Aリーグ,レギュラー, 274 ,2026/07/02,22:37:27,武装,ゆんゆん,13.8,2着,,33800,P0210
2026,Aリーグ,レギュラー, 274 ,2026/07/02,22:37:27,MJAC愛好会,ロンリーボーイ,-17.2,3着,,22800,P0224
2026,Aリーグ,レギュラー, 274 ,2026/07/02,22:37:27,ＺＯＯ,rinruka,-51.6,4着,,8400,P0052
2026,Bリーグ,レギュラー, 275 ,2026/07/02,22:39:55,IRU,猪突猛進男,52.0,1着,第二試合,32000,P0299
2026,Bリーグ,レギュラー, 275 ,2026/07/02,22:39:55,さわやかMJ野郎の会,海賊王,11.2,2着,,31200,P0238
2026,Bリーグ,レギュラー, 275 ,2026/07/02,22:39:55,Team MJ lovers,μゆぅちゃん,-17.9,3着,,22100,P0327
2026,Bリーグ,レギュラー, 275 ,2026/07/02,22:39:55,楽しめばイイ雀,ゆうやなのだ,-45.3,4着,,14700,P0205
2026,Aリーグ,レギュラー, 276 ,2026/07/02,22:46:43,SSブルーバーズ,ポテト吉野,56.5,1着,第二試合,36500,P0181
2026,Aリーグ,レギュラー, 276 ,2026/07/02,22:46:43,電光石火,魔王,8.0,2着,,28000,P0312
2026,Aリーグ,レギュラー, 276 ,2026/07/02,22:46:43,レッドリボン軍,レッド総帥,-17.9,3着,,22100,P0221
2026,Aリーグ,レギュラー, 276 ,2026/07/02,22:46:43,MJ東京,えんがわ,-46.6,4着,,13400,P0078
2026,Bリーグ,レギュラー, 277 ,2026/07/03,21:24:45,おたまーず,エイデン二号機,50.2,1着,第一試合,30200,P0075
2026,Bリーグ,レギュラー, 277 ,2026/07/03,21:24:45,さわやかMJ野郎の会,海賊王,6.6,2着,,26600,P0238
2026,Bリーグ,レギュラー, 277 ,2026/07/03,21:24:45,Vertice,みーやん19,-15.7,3着,,24300,P0192
2026,Bリーグ,レギュラー, 277 ,2026/07/03,21:24:45,楽しめばイイ雀,捜査一課長,-41.1,4着,,18900,P0292
2026,Aリーグ,レギュラー, 278 ,2026/07/03,21:34:56,レッドリボン軍,かじ,65.2,1着,第一試合,45200,P0090
2026,Aリーグ,レギュラー, 278 ,2026/07/03,21:34:56,ＺＯＯ,ご飯にバター,2.1,2着,,22100,P0106
2026,Aリーグ,レギュラー, 278 ,2026/07/03,21:34:56,SILVER WOLVES,石川安牌,-19.0,3着,,21000,P0284
2026,Aリーグ,レギュラー, 278 ,2026/07/03,21:34:56,たちこまーず,坊や哲,-48.3,4着,,11700,P0310
2026,Bリーグ,レギュラー, 279 ,2026/07/03,21:36:07,チートイズ,あすてる,69.9,1着,第一試合,49900,P0067
2026,Bリーグ,レギュラー, 279 ,2026/07/03,21:36:07,La vie en Rose,匕首◆,9.0,2着,,29000,P0325
2026,Bリーグ,レギュラー, 279 ,2026/07/03,21:36:07,Team MJ lovers,ゆっしー@,-27.8,3着,,12200,P0207
2026,Bリーグ,レギュラー, 279 ,2026/07/03,21:36:07,他力本願寺,桐生れいか,-51.1,4着,,8900,P0252
2026,Bリーグ,レギュラー, 280 ,2026/07/03,21:45:11,IRU,？？？？？,67.2,1着,第一試合,47200,P0001
2026,Bリーグ,レギュラー, 280 ,2026/07/03,21:45:11,TEAM AJITO,ｋｅｎ@あじと,26.4,2着,,46400,P0036
2026,Bリーグ,レギュラー, 280 ,2026/07/03,21:45:11,教室生☆KSC,Anmi,-31.9,3着,,8100,P0016
2026,Bリーグ,レギュラー, 280 ,2026/07/03,21:45:11,Brave Revengers,りきまーる,-61.7,4着,,-1700,P0214
2026,Aリーグ,レギュラー, 281 ,2026/07/03,21:49:26,最強位ズ,リョータ,58.8,1着,第一試合,38800,P0217
2026,Aリーグ,レギュラー, 281 ,2026/07/03,21:49:26,SSブルーバーズ,どうみき,7.8,2着,,27800,P0141
2026,Aリーグ,レギュラー, 281 ,2026/07/03,21:49:26,MJAC愛好会,ロッキンポ,-19.8,3着,,20200,P0223
2026,Aリーグ,レギュラー, 281 ,2026/07/03,21:49:26,電光石火,ひろとだポン,-46.8,4着,,13200,P0163
2026,Aリーグ,レギュラー, 282 ,2026/07/03,21:53:38,HIVE,郷 ひろし,79.4,1着,第一試合,59400,P0250
2026,Aリーグ,レギュラー, 282 ,2026/07/03,21:53:38,enjoyすればイイ雀！,銀河,-2.2,2着,,17800,P0253
2026,Aリーグ,レギュラー, 282 ,2026/07/03,21:53:38,武装,しんじゃうツモ,-25.7,3着,,14300,P0119
2026,Aリーグ,レギュラー, 282 ,2026/07/03,21:53:38,MJ東京,J,-51.5,4着,,8500,P0032
2026,Bリーグ,レギュラー, 283 ,2026/07/03,22:29:11,さわやかMJ野郎の会,海賊王,58.2,1着,第二試合,38200,P0238
2026,Bリーグ,レギュラー, 283 ,2026/07/03,22:29:11,おたまーず,樹央,13.0,2着,,33000,P0268
2026,Bリーグ,レギュラー, 283 ,2026/07/03,22:29:11,Vertice,フィーレン,-20.5,3着,,19500,P0164
2026,Bリーグ,レギュラー, 283 ,2026/07/03,22:29:11,楽しめばイイ雀,小四喜大好き,-50.7,4着,,9300,P0272
2026,Aリーグ,レギュラー, 284 ,2026/07/03,22:31:26,HIVE,ぼうや@HIVE,55.3,1着,第二試合,35300,P0177
2026,Aリーグ,レギュラー, 284 ,2026/07/03,22:31:26,MJ東京,キレそう,12.7,2着,,32700,P0097
2026,Aリーグ,レギュラー, 284 ,2026/07/03,22:31:26,enjoyすればイイ雀！,べびたん,-15.4,3着,,24600,P0173
2026,Aリーグ,レギュラー, 284 ,2026/07/03,22:31:26,武装,赤哲,-52.6,4着,,7400,P0288
2026,Bリーグ,レギュラー, 285 ,2026/07/03,22:35:51,Brave Revengers,nesre,61.7,1着,第二試合,41700,P0047
2026,Bリーグ,レギュラー, 285 ,2026/07/03,22:35:51,教室生☆KSC,悠紀子,20.1,2着,,40100,P0318
2026,Bリーグ,レギュラー, 285 ,2026/07/03,22:35:51,IRU,uki,-27.4,3着,,12600,P0059
2026,Bリーグ,レギュラー, 285 ,2026/07/03,22:35:51,TEAM AJITO,神田大行,-54.4,4着,,5600,P0282
2026,Aリーグ,レギュラー, 286 ,2026/07/03,22:39:11,MJAC愛好会,湾奥アングラー,78.2,1着,第二試合,58200,P0323
2026,Aリーグ,レギュラー, 286 ,2026/07/03,22:39:11,最強位ズ,ブ茶ラティ,4.5,2着,,24500,P0171
2026,Aリーグ,レギュラー, 286 ,2026/07/03,22:39:11,電光石火,EmperorTime,-28.0,3着,,12000,P0024
2026,Aリーグ,レギュラー, 286 ,2026/07/03,22:39:11,SSブルーバーズ,ハナノア,-54.7,4着,,5300,P0158
2026,Aリーグ,レギュラー, 287 ,2026/07/03,22:40:29,ＺＯＯ,Bu Ki Chi,62.3,1着,第二試合,42300,P0020
2026,Aリーグ,レギュラー, 287 ,2026/07/03,22:40:29,レッドリボン軍,ベヘリット,9.1,2着,,29100,P0174
2026,Aリーグ,レギュラー, 287 ,2026/07/03,22:40:29,たちこまーず,よつば@tobi,-18.4,3着,,21600,P0211
2026,Aリーグ,レギュラー, 287 ,2026/07/03,22:40:29,SILVER WOLVES,上野あいみ,-53.0,4着,,7000,P0279
2026,Bリーグ,レギュラー, 288 ,2026/07/03,22:49:01,La vie en Rose,３１０７,58.6,1着,第二試合,38600,P0013
2026,Bリーグ,レギュラー, 288 ,2026/07/03,22:49:01,他力本願寺,桐生れいか,16.3,2着,,36300,P0252
2026,Bリーグ,レギュラー, 288 ,2026/07/03,22:49:01,Team MJ lovers,ゆっしー@,-23.7,3着,,16300,P0207
2026,Bリーグ,レギュラー, 288 ,2026/07/03,22:49:01,チートイズ,014のりたま,-51.2,4着,,8800,P0011
2026,Aリーグ,レギュラー, 289 ,2026/07/06,21:24:52,HIVE,ぼうや@HIVE,61.0,1着,第一試合,41000,P0177
2026,Aリーグ,レギュラー, 289 ,2026/07/06,21:24:52,MJAC愛好会,教室生 ユウ,12.0,2着,,32000,P0248
2026,Aリーグ,レギュラー, 289 ,2026/07/06,21:24:52,武装,フィクション,-14.1,3着,,25900,P0165
2026,Aリーグ,レギュラー, 289 ,2026/07/06,21:24:52,レッドリボン軍,梁瀬健太郎,-58.9,4着,,1100,P0063
2026,Bリーグ,レギュラー, 290 ,2026/07/06,21:30:25,IRU,shige,56.6,1着,第一試合,36600,P0056
2026,Bリーグ,レギュラー, 290 ,2026/07/06,21:30:25,Brave Revengers,仇森龍,8.9,2着,,28900,P0245
2026,Bリーグ,レギュラー, 290 ,2026/07/06,21:30:25,Team MJ lovers,小林宏康,-21.7,3着,,18300,P0275
2026,Bリーグ,レギュラー, 290 ,2026/07/06,21:30:25,おたまーず,鰤トニー,-43.8,4着,,16200,P0326
2026,Bリーグ,レギュラー, 291 ,2026/07/06,21:33:00,TEAM AJITO,TOM,59.3,1着,第一試合,39300,P0057
2026,Bリーグ,レギュラー, 291 ,2026/07/06,21:33:00,さわやかMJ野郎の会,パイ乙戦士全ツ,11.8,2着,,31800,P0156
2026,Bリーグ,レギュラー, 291 ,2026/07/06,21:33:00,楽しめばイイ雀,くすだま,-16.4,3着,,23600,P0098
2026,Bリーグ,レギュラー, 291 ,2026/07/06,21:33:00,他力本願寺,桐生れいか,-54.7,4着,,5300,P0252
2026,Bリーグ,レギュラー, 292 ,2026/07/06,21:37:28,Vertice,みーやん19,57.0,1着,第一試合,37000,P0192
2026,Bリーグ,レギュラー, 292 ,2026/07/06,21:37:28,チートイズ,dia,14.4,2着,,34400,P0023
2026,Bリーグ,レギュラー, 292 ,2026/07/06,21:37:28,La vie en Rose,匕首◆,-22.7,3着,,17300,P0325
2026,Bリーグ,レギュラー, 292 ,2026/07/06,21:37:28,教室生☆KSC,川端由紀,-48.7,4着,,11300,P0289
2026,Aリーグ,レギュラー, 293 ,2026/07/06,21:42:17,SILVER WOLVES,阿賀寿直,56.6,1着,第一試合,36600,P0228
2026,Aリーグ,レギュラー, 293 ,2026/07/06,21:42:17,ＺＯＯ,rinruka,2.7,2着,,22700,P0052
2026,Aリーグ,レギュラー, 293 ,2026/07/06,21:42:17,電光石火,魔王,-18.3,3着,,21700,P0312
2026,Aリーグ,レギュラー, 293 ,2026/07/06,21:42:17,MJ東京,J,-41.0,4着,,19000,P0032
2026,Aリーグ,レギュラー, 294 ,2026/07/06,21:53:12,SSブルーバーズ,サヴェ松田,58.9,1着,第一試合,38900,P0107
2026,Aリーグ,レギュラー, 294 ,2026/07/06,21:53:12,最強位ズ,ブ茶ラティ,11.7,2着,,31700,P0171
2026,Aリーグ,レギュラー, 294 ,2026/07/06,21:53:12,enjoyすればイイ雀！,じゅねこ,-21.3,3着,,18700,P0116
2026,Aリーグ,レギュラー, 294 ,2026/07/06,21:53:12,たちこまーず,坊や哲,-49.3,4着,,10700,P0310
2026,Aリーグ,レギュラー, 295 ,2026/07/06,22:27:11,電光石火,けっけ,52.9,1着,第二試合,32900,P0102
2026,Aリーグ,レギュラー, 295 ,2026/07/06,22:27:11,MJ東京,Mychemi,5.3,2着,,25300,P0044
2026,Aリーグ,レギュラー, 295 ,2026/07/06,22:27:11,ＺＯＯ,ご飯にバター,-16.5,3着,,23500,P0106
2026,Aリーグ,レギュラー, 295 ,2026/07/06,22:27:11,SILVER WOLVES,まーくん RMU,-41.7,4着,,18300,P0184
2026,Aリーグ,レギュラー, 296 ,2026/07/06,22:28:55,レッドリボン軍,レッド総帥,61.9,1着,第二試合,41900,P0221
2026,Aリーグ,レギュラー, 296 ,2026/07/06,22:28:55,武装,赤哲,20.5,2着,,40500,P0288
2026,Aリーグ,レギュラー, 296 ,2026/07/06,22:28:55,MJAC愛好会,冬のミルク,-27.3,3着,,12700,P0304
2026,Aリーグ,レギュラー, 296 ,2026/07/06,22:28:55,HIVE,最後のZ戦士達,-55.1,4着,,4900,P0261
2026,Aリーグ,レギュラー, 297 ,2026/07/06,22:29:58,たちこまーず,はち,52.9,1着,第二試合,32900,P0157
2026,Aリーグ,レギュラー, 297 ,2026/07/06,22:29:58,最強位ズ,まびたん,8.0,2着,,28000,P0187
2026,Aリーグ,レギュラー, 297 ,2026/07/06,22:29:58,SSブルーバーズ,きめっち,-17.2,3着,,22800,P0095
2026,Aリーグ,レギュラー, 297 ,2026/07/06,22:29:58,enjoyすればイイ雀！,Blush,-43.7,4着,,16300,P0019
2026,Bリーグ,レギュラー, 298 ,2026/07/06,22:37:48,おたまーず,樹央,55.7,1着,第二試合,35700,P0268
2026,Bリーグ,レギュラー, 298 ,2026/07/06,22:37:48,IRU,猪突猛進男,14.9,2着,,34900,P0299
2026,Bリーグ,レギュラー, 298 ,2026/07/06,22:37:48,Team MJ lovers,小林宏康,-13.3,3着,,26700,P0275
2026,Bリーグ,レギュラー, 298 ,2026/07/06,22:37:48,Brave Revengers,ペン,-57.3,4着,,2700,P0175
2026,Bリーグ,レギュラー, 299 ,2026/07/06,22:44:25,教室生☆KSC,悠紀子,78.8,1着,第二試合,58800,P0318
2026,Bリーグ,レギュラー, 299 ,2026/07/06,22:44:25,Vertice,みーやん19,-1.5,2着,,18500,P0192
2026,Bリーグ,レギュラー, 299 ,2026/07/06,22:44:25,チートイズ,おさやスイープ,-21.7,3着,,18300,P0081
2026,Bリーグ,レギュラー, 299 ,2026/07/06,22:44:25,La vie en Rose,ポルタ,-55.6,4着,,4400,P0182
2026,Bリーグ,レギュラー, 300 ,2026/07/06,22:45:46,TEAM AJITO,chemi,60.0,1着,第二試合,40000,P0022
2026,Bリーグ,レギュラー, 300 ,2026/07/06,22:45:46,楽しめばイイ雀,小四喜大好き,17.0,2着,,37000,P0272
2026,Bリーグ,レギュラー, 300 ,2026/07/06,22:45:46,他力本願寺,桐生れいか,-17.1,3着,,22900,P0252
2026,Bリーグ,レギュラー, 300 ,2026/07/06,22:45:46,さわやかMJ野郎の会,だてまきたまご,-59.9,4着,,100,P0135
2026,Bリーグ,レギュラー, 301 ,2026/07/07,21:28:38,おたまーず,エイデン二号機,60.3,1着,第一試合,40300,P0075
2026,Bリーグ,レギュラー, 301 ,2026/07/07,21:28:38,La vie en Rose,まんまる,20.2,2着,,40200,P0190
2026,Bリーグ,レギュラー, 301 ,2026/07/07,21:28:38,さわやかMJ野郎の会,黒太郎@SMY会,-24.3,3着,,15700,P0260
2026,Bリーグ,レギュラー, 301 ,2026/07/07,21:28:38,チートイズ,じんぱぱ,-56.2,4着,,3800,P0120
2026,Bリーグ,レギュラー, 302 ,2026/07/07,21:33:46,TEAM AJITO,神田大行,55.0,1着,第一試合,35000,P0282
2026,Bリーグ,レギュラー, 302 ,2026/07/07,21:33:46,教室生☆KSC,青ヒゲ危機一髪,14.3,2着,,34300,P0283
2026,Bリーグ,レギュラー, 302 ,2026/07/07,21:33:46,IRU,shige,-18.3,3着,,21700,P0056
2026,Bリーグ,レギュラー, 302 ,2026/07/07,21:33:46,楽しめばイイ雀,七対子大好き,-51.0,4着,,9000,P0267
2026,Aリーグ,レギュラー, 303 ,2026/07/07,21:36:28,たちこまーず,JILL,57.4,1着,第一試合,37400,P0033
2026,Aリーグ,レギュラー, 303 ,2026/07/07,21:36:28,MJAC愛好会,つかぴー,9.3,2着,,29300,P0137
2026,Aリーグ,レギュラー, 303 ,2026/07/07,21:36:28,電光石火,ミッキー柳井,-19.2,3着,,20800,P0194
2026,Aリーグ,レギュラー, 303 ,2026/07/07,21:36:28,HIVE,ぽこぽこぽこり,-47.5,4着,,12500,P0179
2026,Aリーグ,レギュラー, 304 ,2026/07/07,21:41:01,最強位ズ,Hiromu,49.6,1着,第一試合,29600,P0030
2026,Aリーグ,レギュラー, 304 ,2026/07/07,21:41:01,SSブルーバーズ,ポテト吉野,7.2,2着,,27200,P0181
2026,Aリーグ,レギュラー, 304 ,2026/07/07,21:41:01,SILVER WOLVES,松崎真也,-13.5,3着,,26500,P0276
2026,Aリーグ,レギュラー, 304 ,2026/07/07,21:41:01,レッドリボン軍,とと,-43.3,4着,,16700,P0144
2026,Aリーグ,レギュラー, 305 ,2026/07/07,21:41:11,MJ東京,えんがわ,62.3,1着,第一試合,42300,P0078
2026,Aリーグ,レギュラー, 305 ,2026/07/07,21:41:11,enjoyすればイイ雀！,かに,3.3,2着,,23300,P0091
2026,Aリーグ,レギュラー, 305 ,2026/07/07,21:41:11,武装,とむとむ,-22.3,3着,,17700,P0146
2026,Aリーグ,レギュラー, 305 ,2026/07/07,21:41:11,ＺＯＯ,rinruka,-43.3,4着,,16700,P0052
2026,Bリーグ,レギュラー, 306 ,2026/07/07,22:18:52,Team MJ lovers,中出雄介,61.9,1着,第一試合,41900,P0298
2026,Bリーグ,レギュラー, 306 ,2026/07/07,22:18:52,Vertice,moka,18.6,2着,,38600,P0042
2026,Bリーグ,レギュラー, 306 ,2026/07/07,22:18:52,Brave Revengers,だーはら,-12.9,3着,,27100,P0129
2026,Bリーグ,レギュラー, 306 ,2026/07/07,22:18:52,他力本願寺,とり,-67.6,4着,,-7600,P0148
2026,Aリーグ,レギュラー, 307 ,2026/07/07,22:29:16,MJ東京,aimoni,64.7,1着,第二試合,44700,P0015
2026,Aリーグ,レギュラー, 307 ,2026/07/07,22:29:16,ＺＯＯ,Bu Ki Chi,9.5,2着,,29500,P0020
2026,Aリーグ,レギュラー, 307 ,2026/07/07,22:29:16,武装,しんじゃうツモ,-19.4,3着,,20600,P0119
2026,Aリーグ,レギュラー, 307 ,2026/07/07,22:29:16,enjoyすればイイ雀！,せなmam@,-54.8,4着,,5200,P0124
2026,Bリーグ,レギュラー, 308 ,2026/07/07,22:37:20,IRU,蒼,57.3,1着,第二試合,37300,P0293
2026,Bリーグ,レギュラー, 308 ,2026/07/07,22:37:20,教室生☆KSC,悠紀子,5.2,2着,,25200,P0318
2026,Bリーグ,レギュラー, 308 ,2026/07/07,22:37:20,TEAM AJITO,神田大行,-19.8,3着,,20200,P0282
2026,Bリーグ,レギュラー, 308 ,2026/07/07,22:37:20,楽しめばイイ雀,七対子大好き,-42.7,4着,,17300,P0267
2026,Bリーグ,レギュラー, 309 ,2026/07/07,22:46:20,他力本願寺,とり,64.1,1着,第二試合,44100,P0148
2026,Bリーグ,レギュラー, 309 ,2026/07/07,22:46:20,Vertice,しょう&るな,20.6,2着,,40600,P0117
2026,Bリーグ,レギュラー, 309 ,2026/07/07,22:46:20,Team MJ lovers,μゆぅちゃん,-29.8,3着,,10200,P0327
2026,Bリーグ,レギュラー, 309 ,2026/07/07,22:46:20,Brave Revengers,りきまーる,-54.9,4着,,5100,P0214
2026,Bリーグ,レギュラー, 310 ,2026/07/07,22:46:55,La vie en Rose,３１０７,70.9,1着,第二試合,50900,P0013
2026,Bリーグ,レギュラー, 310 ,2026/07/07,22:46:55,チートイズ,あすてる,27.3,2着,,47300,P0067
2026,Bリーグ,レギュラー, 310 ,2026/07/07,22:46:55,さわやかMJ野郎の会,ソニア@SMY会,-15.0,3着,,25000,P0127
2026,Bリーグ,レギュラー, 310 ,2026/07/07,22:46:55,おたまーず,樹央,-83.2,4着,,-23200,P0268
2026,Aリーグ,レギュラー, 311 ,2026/07/07,22:49:50,MJAC愛好会,ロンリーボーイ,94.9,1着,第二試合,74900,P0224
2026,Aリーグ,レギュラー, 311 ,2026/07/07,22:49:50,電光石火,どっち？弾平,-5.1,2着,,14900,P0143
2026,Aリーグ,レギュラー, 311 ,2026/07/07,22:49:50,HIVE,ぽこぽこぽこり,-31.7,3着,,8300,P0179
2026,Aリーグ,レギュラー, 311 ,2026/07/07,22:49:50,たちこまーず,たちこま,-58.1,4着,,1900,P0134
2026,Aリーグ,レギュラー, 312 ,2026/07/07,22:49:54,SSブルーバーズ,きめっち,64.7,1着,第二試合,44700,P0095
2026,Aリーグ,レギュラー, 312 ,2026/07/07,22:49:54,最強位ズ,ｒｒｒｒｒｒ,17.9,2着,,37900,P0053
2026,Aリーグ,レギュラー, 312 ,2026/07/07,22:49:54,レッドリボン軍,かじ,-21.3,3着,,18700,P0090
2026,Aリーグ,レギュラー, 312 ,2026/07/07,22:49:54,SILVER WOLVES,田口淳之介,-61.3,4着,,-1300,P0269
2026,Bリーグ,レギュラー, 313 ,2026/07/09,21:21:35,Team MJ lovers,喜多剛士@μ,52.8,1着,第一試合,32800,P0241
2026,Bリーグ,レギュラー, 313 ,2026/07/09,21:21:35,おたまーず,くれば,9.0,2着,,29000,P0101
2026,Bリーグ,レギュラー, 313 ,2026/07/09,21:21:35,IRU,shige,-19.0,3着,,21000,P0056
2026,Bリーグ,レギュラー, 313 ,2026/07/09,21:21:35,La vie en Rose,なほみん,-42.8,4着,,17200,P0153
2026,Aリーグ,レギュラー, 314 ,2026/07/09,21:26:58,SSブルーバーズ,ポテト吉野,58.8,1着,第一試合,38800,P0181
2026,Aリーグ,レギュラー, 314 ,2026/07/09,21:26:58,たちこまーず,ミズゴロウ♂,18.6,2着,,38600,P0193
2026,Aリーグ,レギュラー, 314 ,2026/07/09,21:26:58,MJ東京,葛餅,-27.0,3着,,13000,P0240
2026,Aリーグ,レギュラー, 314 ,2026/07/09,21:26:58,ＺＯＯ,Bu Ki Chi,-50.4,4着,,9600,P0020
2026,Bリーグ,レギュラー, 315 ,2026/07/09,21:31:03,さわやかMJ野郎の会,はなびん,62.8,1着,第一試合,42800,P0159
2026,Bリーグ,レギュラー, 315 ,2026/07/09,21:31:03,教室生☆KSC,元教室生タク,16.2,2着,,36200,P0255
2026,Bリーグ,レギュラー, 315 ,2026/07/09,21:31:03,他力本願寺,まんまるきや,-21.9,3着,,18100,P0191
2026,Bリーグ,レギュラー, 315 ,2026/07/09,21:31:03,Brave Revengers,りゅー,-57.1,4着,,2900,P0215
2026,Aリーグ,レギュラー, 316 ,2026/07/09,21:35:08,MJAC愛好会,亜空間コツボー,60.0,1着,第一試合,40000,P0227
2026,Aリーグ,レギュラー, 316 ,2026/07/09,21:35:08,最強位ズ,ねこます,8.6,2着,,28600,P0155
2026,Aリーグ,レギュラー, 316 ,2026/07/09,21:35:08,武装,アベキング,-16.3,3着,,23700,P0070
2026,Aリーグ,レギュラー, 316 ,2026/07/09,21:35:08,レッドリボン軍,B地区,-52.3,4着,,7700,P0021
2026,Aリーグ,レギュラー, 317 ,2026/07/09,21:36:07,enjoyすればイイ雀！,銀河,78.0,1着,第一試合,58000,P0253
2026,Aリーグ,レギュラー, 317 ,2026/07/09,21:36:07,HIVE,カルア,11.9,2着,,31900,P0093
2026,Aリーグ,レギュラー, 317 ,2026/07/09,21:36:07,SILVER WOLVES,店長倍損の上司,-25.0,3着,,15000,P0302
2026,Aリーグ,レギュラー, 317 ,2026/07/09,21:36:07,電光石火,ひろとだポン,-64.9,4着,,-4900,P0163
2026,Bリーグ,レギュラー, 318 ,2026/07/09,21:40:32,チートイズ,しげぞー,69.4,1着,第一試合,49400,P0114
2026,Bリーグ,レギュラー, 318 ,2026/07/09,21:40:32,Vertice,フィーレン,12.8,2着,,32800,P0164
2026,Bリーグ,レギュラー, 318 ,2026/07/09,21:40:32,楽しめばイイ雀,くすだま,-19.8,3着,,20200,P0098
2026,Bリーグ,レギュラー, 318 ,2026/07/09,21:40:32,TEAM AJITO,ｋｅｎ@あじと,-62.4,4着,,-2400,P0036
2026,Bリーグ,レギュラー, 319 ,2026/07/09,22:21:31,Team MJ lovers,喜多剛士@μ,63.9,1着,第一試合,43900,P0241
2026,Bリーグ,レギュラー, 319 ,2026/07/09,22:21:31,La vie en Rose,ふとふと,10.1,2着,,30100,P0167
2026,Bリーグ,レギュラー, 319 ,2026/07/09,22:21:31,おたまーず,羽田暁音,-22.5,3着,,17500,P0232
2026,Bリーグ,レギュラー, 319 ,2026/07/09,22:21:31,IRU,猪突猛進男,-51.5,4着,,8500,P0299
2026,Bリーグ,レギュラー, 320 ,2026/07/09,22:24:38,さわやかMJ野郎の会,★月刃★,58.7,1着,第二試合,38700,P0006
2026,Bリーグ,レギュラー, 320 ,2026/07/09,22:24:38,Brave Revengers,ペン,17.3,2着,,37300,P0175
2026,Bリーグ,レギュラー, 320 ,2026/07/09,22:24:38,教室生☆KSC,☆魔雀T塾生☆,-17.4,3着,,22600,P0010
2026,Bリーグ,レギュラー, 320 ,2026/07/09,22:24:38,他力本願寺,たくおっち,-58.6,4着,,1400,P0132
2026,Aリーグ,レギュラー, 321 ,2026/07/09,22:27:14,最強位ズ,ブ茶ラティ,59.5,1着,第二試合,39500,P0171
2026,Aリーグ,レギュラー, 321 ,2026/07/09,22:27:14,レッドリボン軍,くまさぶろー,18.0,2着,,38000,P0100
2026,Aリーグ,レギュラー, 321 ,2026/07/09,22:27:14,MJAC愛好会,打撃系ヤルカツ,-24.6,3着,,15400,P0295
2026,Aリーグ,レギュラー, 321 ,2026/07/09,22:27:14,武装,乙子,-52.9,4着,,7100,P0236
2026,Aリーグ,レギュラー, 322 ,2026/07/09,22:31:00,MJ東京,チン☆パラ,57.9,1着,第二試合,37900,P0136
2026,Aリーグ,レギュラー, 322 ,2026/07/09,22:31:00,たちこまーず,シクラメン富男,9.9,2着,,29900,P0113
2026,Aリーグ,レギュラー, 322 ,2026/07/09,22:31:00,ＺＯＯ,0rb 01,-17.7,3着,,22300,P0012
2026,Aリーグ,レギュラー, 322 ,2026/07/09,22:31:00,SSブルーバーズ,石田亮太,-50.1,4着,,9900,P0014
2026,Bリーグ,レギュラー, 323 ,2026/07/09,22:37:41,チートイズ,014のりたま,67.5,1着,第二試合,47500,P0011
2026,Bリーグ,レギュラー, 323 ,2026/07/09,22:37:41,TEAM AJITO,ｋｅｎ@あじと,12.4,2着,,32400,P0036
2026,Bリーグ,レギュラー, 323 ,2026/07/09,22:37:41,Vertice,moka,-10.6,3着,,29400,P0042
2026,Bリーグ,レギュラー, 323 ,2026/07/09,22:37:41,楽しめばイイ雀,わたちゃん,-69.3,4着,,-9300,P0226
2026,Aリーグ,レギュラー, 324 ,2026/07/09,22:43:09,SILVER WOLVES,橋本るり子,56.8,1着,第二試合,36800,P0249
2026,Aリーグ,レギュラー, 324 ,2026/07/09,22:43:09,HIVE,せいたろう,12.1,2着,,32100,P0122
2026,Aリーグ,レギュラー, 324 ,2026/07/09,22:43:09,enjoyすればイイ雀！,ブロッケンG,-8.7,3着,,31300,P0170
2026,Aリーグ,レギュラー, 324 ,2026/07/09,22:43:09,電光石火,k-k,-60.2,4着,,-200,P0034
2026,Bリーグ,レギュラー, 325 ,2026/07/10,21:29:36,チートイズ,あすてる,65.9,1着,第一試合,45900,P0067
2026,Bリーグ,レギュラー, 325 ,2026/07/10,21:29:36,さわやかMJ野郎の会,海賊王,11.9,2着,,31900,P0238
2026,Bリーグ,レギュラー, 325 ,2026/07/10,21:29:36,IRU,？？？？？,-19.0,3着,,21000,P0001
2026,Bリーグ,レギュラー, 325 ,2026/07/10,21:29:36,Brave Revengers,サブ垢先輩,-58.8,4着,,1200,P0109
2026,Aリーグ,レギュラー, 326 ,2026/07/10,21:35:20,武装,年賀状,55.3,1着,第一試合,35300,P0307
2026,Aリーグ,レギュラー, 326 ,2026/07/10,21:35:20,SILVER WOLVES,石川安牌,9.8,2着,,29800,P0284
2026,Aリーグ,レギュラー, 326 ,2026/07/10,21:35:20,HIVE,郷 ひろし,-12.3,3着,,27700,P0250
2026,Aリーグ,レギュラー, 326 ,2026/07/10,21:35:20,SSブルーバーズ,どうみき,-52.8,4着,,7200,P0141
2026,Aリーグ,レギュラー, 327 ,2026/07/10,21:38:55,MJAC愛好会,ロッキンポ,65.9,1着,第一試合,45900,P0223
2026,Aリーグ,レギュラー, 327 ,2026/07/10,21:38:55,MJ東京,キラ、,7.7,2着,,27700,P0096
2026,Aリーグ,レギュラー, 327 ,2026/07/10,21:38:55,電光石火,魔王,-13.6,3着,,26400,P0312
2026,Aリーグ,レギュラー, 327 ,2026/07/10,21:38:55,たちこまーず,おしゃる,-60.0,4着,,0,P0082
2026,Bリーグ,レギュラー, 328 ,2026/07/10,21:41:38,他力本願寺,まんまるきや,53.6,1着,第一試合,33600,P0191
2026,Bリーグ,レギュラー, 328 ,2026/07/10,21:41:38,Team MJ lovers,ゆっしー@,13.0,2着,,33000,P0207
2026,Bリーグ,レギュラー, 328 ,2026/07/10,21:41:38,Vertice,ゆうー,-15.9,3着,,24100,P0203
2026,Bリーグ,レギュラー, 328 ,2026/07/10,21:41:38,TEAM AJITO,KGRS,-50.7,4着,,9300,P0037
2026,Aリーグ,レギュラー, 329 ,2026/07/10,21:41:51,レッドリボン軍,小倉唯,79.5,1着,第一試合,59500,P0273
2026,Aリーグ,レギュラー, 329 ,2026/07/10,21:41:51,最強位ズ,リョータ,10.6,2着,,30600,P0217
2026,Aリーグ,レギュラー, 329 ,2026/07/10,21:41:51,enjoyすればイイ雀！,みや,-17.9,3着,,22100,P0195
2026,Aリーグ,レギュラー, 329 ,2026/07/10,21:41:51,ＺＯＯ,0rb 01,-72.2,4着,,-12200,P0012
2026,Bリーグ,レギュラー, 330 ,2026/07/10,21:46:04,La vie en Rose,まんまる,69.0,1着,第一試合,49000,P0190
2026,Bリーグ,レギュラー, 330 ,2026/07/10,21:46:04,教室生☆KSC,☆魔雀T塾生☆,14.3,2着,,34300,P0010
2026,Bリーグ,レギュラー, 330 ,2026/07/10,21:46:04,おたまーず,くれば,-21.5,3着,,18500,P0101
2026,Bリーグ,レギュラー, 330 ,2026/07/10,21:46:04,楽しめばイイ雀,nana.jo,-61.8,4着,,-1800,P0045
2026,Bリーグ,レギュラー, 331 ,2026/07/10,22:22:20,La vie en Rose,ジョーカー,55.4,1着,第二試合,35400,P0118
2026,Bリーグ,レギュラー, 331 ,2026/07/10,22:22:20,おたまーず,エイデン二号機,8.1,2着,,28100,P0075
2026,Bリーグ,レギュラー, 331 ,2026/07/10,22:22:20,楽しめばイイ雀,捜査一課長,-20.9,3着,,19100,P0292
2026,Bリーグ,レギュラー, 331 ,2026/07/10,22:22:20,教室生☆KSC,悠紀子,-42.6,4着,,17400,P0318
2026,Bリーグ,レギュラー, 332 ,2026/07/10,22:31:11,Team MJ lovers,ゆっしー@,71.5,1着,第二試合,51500,P0207
2026,Bリーグ,レギュラー, 332 ,2026/07/10,22:31:11,他力本願寺,YOU太郎,6.6,2着,,26600,P0064
2026,Bリーグ,レギュラー, 332 ,2026/07/10,22:31:11,Vertice,ゆうー,-25.8,3着,,14200,P0203
2026,Bリーグ,レギュラー, 332 ,2026/07/10,22:31:11,TEAM AJITO,明信,-52.3,4着,,7700,P0315
2026,Bリーグ,レギュラー, 333 ,2026/07/10,22:32:17,さわやかMJ野郎の会,Blue-K18,52.8,1着,第二試合,32800,P0018
2026,Bリーグ,レギュラー, 333 ,2026/07/10,22:32:17,チートイズ,しげぞー,12.0,2着,,32000,P0114
2026,Bリーグ,レギュラー, 333 ,2026/07/10,22:32:17,Brave Revengers,みり,-13.9,3着,,26100,P0196
2026,Bリーグ,レギュラー, 333 ,2026/07/10,22:32:17,IRU,奥山瞭,-50.9,4着,,9100,P0216
2026,Aリーグ,レギュラー, 334 ,2026/07/10,22:35:36,enjoyすればイイ雀！,べびたん,60.0,1着,第二試合,40000,P0173
2026,Aリーグ,レギュラー, 334 ,2026/07/10,22:35:36,最強位ズ,ダイゴ＠LA,16.9,2着,,36900,P0130
2026,Aリーグ,レギュラー, 334 ,2026/07/10,22:35:36,レッドリボン軍,ベヘリット,-9.7,3着,,30300,P0174
2026,Aリーグ,レギュラー, 334 ,2026/07/10,22:35:36,ＺＯＯ,すー,-67.2,4着,,-7200,P0121
2026,Aリーグ,レギュラー, 335 ,2026/07/10,22:40:56,たちこまーず,シクラメン富男,59.5,1着,第二試合,39500,P0113
2026,Aリーグ,レギュラー, 335 ,2026/07/10,22:40:56,電光石火,けっけ,18.4,2着,,38400,P0102
2026,Aリーグ,レギュラー, 335 ,2026/07/10,22:40:56,MJ東京,Mychemi,-24.3,3着,,15700,P0044
2026,Aリーグ,レギュラー, 335 ,2026/07/10,22:40:56,MJAC愛好会,湾奥アングラー,-53.6,4着,,6400,P0323
2026,Aリーグ,レギュラー, 336 ,2026/07/10,22:45:26,SSブルーバーズ,石田亮太,76.0,1着,第二試合,56000,P0014
2026,Aリーグ,レギュラー, 336 ,2026/07/10,22:45:26,SILVER WOLVES,上野あいみ,0.0,2着,,20000,P0279
2026,Aリーグ,レギュラー, 336 ,2026/07/10,22:45:26,武装,ゆんゆん,-22.7,3着,,17300,P0210
2026,Aリーグ,レギュラー, 336 ,2026/07/10,22:45:26,HIVE,一之瀬 優,-53.3,4着,,6700,P0230
2026,Aリーグ,レギュラー, 337 ,2026/07/13,21:25:17,HIVE,ぼうや@HIVE,57.1,1着,第一試合,37100,P0177
2026,Aリーグ,レギュラー, 337 ,2026/07/13,21:25:17,MJAC愛好会,おかぴー,5.9,2着,,25900,P0079
2026,Aリーグ,レギュラー, 337 ,2026/07/13,21:25:17,ＺＯＯ,rinruka,-18.5,3着,,21500,P0052
2026,Aリーグ,レギュラー, 337 ,2026/07/13,21:25:17,SSブルーバーズ,Hara,-44.5,4着,,15500,P0029
2026,Bリーグ,レギュラー, 338 ,2026/07/13,21:26:57,Brave Revengers,だーはら,59.6,1着,第一試合,39600,P0129
2026,Bリーグ,レギュラー, 338 ,2026/07/13,21:26:57,チートイズ,公務員麻雀M,16.5,2着,,36500,P0258
2026,Bリーグ,レギュラー, 338 ,2026/07/13,21:26:57,Team MJ lovers,溝渕智也,-25.8,3着,,14200,P0259
2026,Bリーグ,レギュラー, 338 ,2026/07/13,21:26:57,楽しめばイイ雀,七対子大好き,-50.3,4着,,9700,P0267
2026,Aリーグ,レギュラー, 339 ,2026/07/13,21:36:16,武装,とむとむ,52.6,1着,第一試合,32600,P0146
2026,Aリーグ,レギュラー, 339 ,2026/07/13,21:36:16,最強位ズ,まびたん,8.6,2着,,28600,P0187
2026,Aリーグ,レギュラー, 339 ,2026/07/13,21:36:16,たちこまーず,たちこま,-12.3,3着,,27700,P0134
2026,Aリーグ,レギュラー, 339 ,2026/07/13,21:36:16,MJ東京,キラ、,-48.9,4着,,11100,P0096
2026,Bリーグ,レギュラー, 340 ,2026/07/13,21:36:32,おたまーず,エイデン二号機,53.9,1着,第一試合,33900,P0075
2026,Bリーグ,レギュラー, 340 ,2026/07/13,21:36:32,他力本願寺,YOU太郎,8.5,2着,,28500,P0064
2026,Bリーグ,レギュラー, 340 ,2026/07/13,21:36:32,さわやかMJ野郎の会,黙示録@SMY会,-15.4,3着,,24600,P0316
2026,Bリーグ,レギュラー, 340 ,2026/07/13,21:36:32,教室生☆KSC,Redstar,-47.0,4着,,13000,P0051
2026,Aリーグ,レギュラー, 341 ,2026/07/13,21:38:27,電光石火,魔王,78.0,1着,第一試合,58000,P0312
2026,Aリーグ,レギュラー, 341 ,2026/07/13,21:38:27,SILVER WOLVES,阿賀寿直,10.4,2着,,30400,P0228
2026,Aリーグ,レギュラー, 341 ,2026/07/13,21:38:27,レッドリボン軍,かじ,-27.7,3着,,12300,P0090
2026,Aリーグ,レギュラー, 341 ,2026/07/13,21:38:27,enjoyすればイイ雀！,かに,-60.7,4着,,-700,P0091
2026,Bリーグ,レギュラー, 342 ,2026/07/13,21:50:31,Vertice,みーやん19,94.5,1着,第一試合,74500,P0192
2026,Bリーグ,レギュラー, 342 ,2026/07/13,21:50:31,IRU,aoking,-1.8,2着,,18200,P0017
2026,Bリーグ,レギュラー, 342 ,2026/07/13,21:50:31,La vie en Rose,ポルタ,-24.3,3着,,15700,P0182
2026,Bリーグ,レギュラー, 342 ,2026/07/13,21:50:31,TEAM AJITO,TOM,-68.4,4着,,-8400,P0057
2026,Bリーグ,レギュラー, 343 ,2026/07/13,22:27:33,TEAM AJITO,chemi,48.9,1着,第二試合,28900,P0022
2026,Bリーグ,レギュラー, 343 ,2026/07/13,22:27:33,La vie en Rose,匕首◆,7.1,2着,,27100,P0325
2026,Bリーグ,レギュラー, 343 ,2026/07/13,22:27:33,Vertice,moka,-14.5,3着,,25500,P0042
2026,Bリーグ,レギュラー, 343 ,2026/07/13,22:27:33,IRU,猪突猛進男,-41.5,4着,,18500,P0299
2026,Bリーグ,レギュラー, 344 ,2026/07/13,22:29:28,さわやかMJ野郎の会,★月刃★,67.4,1着,第二試合,47400,P0006
2026,Bリーグ,レギュラー, 344 ,2026/07/13,22:29:28,他力本願寺,灰鶴,1.4,2着,,21400,P0239
2026,Bリーグ,レギュラー, 344 ,2026/07/13,22:29:28,おたまーず,樹央,-22.9,3着,,17100,P0268
2026,Bリーグ,レギュラー, 344 ,2026/07/13,22:29:28,教室生☆KSC,☆魔雀T塾生☆,-45.9,4着,,14100,P0010
2026,Aリーグ,レギュラー, 345 ,2026/07/13,22:29:55,ＺＯＯ,ご飯にバター,54.9,1着,第二試合,34900,P0106
2026,Aリーグ,レギュラー, 345 ,2026/07/13,22:29:55,HIVE,せいたろう,14.3,2着,,34300,P0122
2026,Aリーグ,レギュラー, 345 ,2026/07/13,22:29:55,MJAC愛好会,打撃系ヤルカツ,-23.3,3着,,16700,P0295
2026,Aリーグ,レギュラー, 345 ,2026/07/13,22:29:55,SSブルーバーズ,鈴木正道,-45.9,4着,,14100,P0004
2026,Aリーグ,レギュラー, 346 ,2026/07/13,22:32:03,SILVER WOLVES,上野あいみ,52.6,1着,第二試合,32600,P0279
2026,Aリーグ,レギュラー, 346 ,2026/07/13,22:32:03,電光石火,ひろとだポン,12.5,2着,,32500,P0163
2026,Aリーグ,レギュラー, 346 ,2026/07/13,22:32:03,レッドリボン軍,小倉唯,-18.7,3着,,21300,P0273
2026,Aリーグ,レギュラー, 346 ,2026/07/13,22:32:03,enjoyすればイイ雀！,じゅねこ,-46.4,4着,,13600,P0116
2026,Bリーグ,レギュラー, 347 ,2026/07/13,22:37:20,チートイズ,おさやスイープ,65.6,1着,第二試合,45600,P0081
2026,Bリーグ,レギュラー, 347 ,2026/07/13,22:37:20,Team MJ lovers,ysk,11.8,2着,,31800,P0065
2026,Bリーグ,レギュラー, 347 ,2026/07/13,22:37:20,楽しめばイイ雀,ゆうやなのだ,-28.4,3着,,11600,P0205
2026,Bリーグ,レギュラー, 347 ,2026/07/13,22:37:20,Brave Revengers,仇森龍,-49.0,4着,,11000,P0245
2026,Aリーグ,レギュラー, 348 ,2026/07/13,22:52:54,MJ東京,Mychemi,84.3,1着,第二試合,64300,P0044
2026,Aリーグ,レギュラー, 348 ,2026/07/13,22:52:54,武装,しんじゃうツモ,-3.8,2着,,16200,P0119
2026,Aリーグ,レギュラー, 348 ,2026/07/13,22:52:54,最強位ズ,ねこます,-26.5,3着,,13500,P0155
2026,Aリーグ,レギュラー, 348 ,2026/07/13,22:52:54,たちこまーず,はち,-54.0,4着,,6000,P0157
2026,Bリーグ,レギュラー, 349 ,2026/07/14,21:28:17,教室生☆KSC,Redstar,80.6,1着,第一試合,60600,P0051
2026,Bリーグ,レギュラー, 349 ,2026/07/14,21:28:17,Team MJ lovers,溝渕智也,0.2,2着,,20200,P0259
2026,Bリーグ,レギュラー, 349 ,2026/07/14,21:28:17,TEAM AJITO,神田大行,-29.6,3着,,10400,P0282
2026,Bリーグ,レギュラー, 349 ,2026/07/14,21:28:17,おたまーず,くれば,-51.2,4着,,8800,P0101
2026,Aリーグ,レギュラー, 350 ,2026/07/14,21:30:18,電光石火,k-k,69.5,1着,第一試合,49500,P0034
2026,Aリーグ,レギュラー, 350 ,2026/07/14,21:30:18,最強位ズ,ねこます,6.0,2着,,26000,P0155
2026,Aリーグ,レギュラー, 350 ,2026/07/14,21:30:18,HIVE,ぽこぽこぽこり,-25.8,3着,,14200,P0179
2026,Aリーグ,レギュラー, 350 ,2026/07/14,21:30:18,ＺＯＯ,サンタマルコ,-49.7,4着,,10300,P0110
2026,Aリーグ,レギュラー, 351 ,2026/07/14,21:34:55,MJ東京,J,55.8,1着,第一試合,35800,P0032
2026,Aリーグ,レギュラー, 351 ,2026/07/14,21:34:55,MJAC愛好会,教室生 ユウ,7.0,2着,,27000,P0248
2026,Aリーグ,レギュラー, 351 ,2026/07/14,21:34:55,レッドリボン軍,カオス,-13.8,3着,,26200,P0089
2026,Aリーグ,レギュラー, 351 ,2026/07/14,21:34:55,enjoyすればイイ雀！,銀河,-49.0,4着,,11000,P0253
2026,Aリーグ,レギュラー, 352 ,2026/07/14,21:46:46,SILVER WOLVES,店長倍損の上司,79.4,1着,第一試合,59400,P0302
2026,Aリーグ,レギュラー, 352 ,2026/07/14,21:46:46,武装,ツナマヨ,13.9,2着,,33900,P0138
2026,Aリーグ,レギュラー, 352 ,2026/07/14,21:46:46,SSブルーバーズ,おむ,-20.4,3着,,19600,P0086
2026,Aリーグ,レギュラー, 352 ,2026/07/14,21:46:46,たちこまーず,たちこま,-72.9,4着,,-12900,P0134
2026,Bリーグ,レギュラー, 353 ,2026/07/14,21:49:44,Vertice,フィーレン,67.0,1着,第一試合,47000,P0164
2026,Bリーグ,レギュラー, 353 ,2026/07/14,21:49:44,チートイズ,あすてる,12.9,2着,,32900,P0067
2026,Bリーグ,レギュラー, 353 ,2026/07/14,21:49:44,さわやかMJ野郎の会,黒太郎@SMY会,-29.7,3着,,10300,P0260
2026,Bリーグ,レギュラー, 353 ,2026/07/14,21:49:44,IRU,？？？？？,-50.2,4着,,9800,P0001
2026,Bリーグ,レギュラー, 354 ,2026/07/14,21:53:17,La vie en Rose,なほみん,56.9,1着,第一試合,36900,P0153
2026,Bリーグ,レギュラー, 354 ,2026/07/14,21:53:17,Brave Revengers,仇森龍,10.5,2着,,30500,P0245
2026,Bリーグ,レギュラー, 354 ,2026/07/14,21:53:17,楽しめばイイ雀,nana.jo,-21.0,3着,,19000,P0045
2026,Bリーグ,レギュラー, 354 ,2026/07/14,21:53:17,他力本願寺,YOU太郎,-46.4,4着,,13600,P0064
2026,Bリーグ,レギュラー, 355 ,2026/07/14,22:35:42,おたまーず,鰤トニー,63.8,1着,第二試合,43800,P0326
2026,Bリーグ,レギュラー, 355 ,2026/07/14,22:35:42,教室生☆KSC,Anmi,21.3,2着,,41300,P0016
2026,Bリーグ,レギュラー, 355 ,2026/07/14,22:35:42,Team MJ lovers,小林宏康,-16.1,3着,,23900,P0275
2026,Bリーグ,レギュラー, 355 ,2026/07/14,22:35:42,TEAM AJITO,神田大行,-69.0,4着,,-9000,P0282
2026,Aリーグ,レギュラー, 356 ,2026/07/14,22:37:01,武装,赤哲,69.5,1着,第二試合,49500,P0288
2026,Aリーグ,レギュラー, 356 ,2026/07/14,22:37:01,SILVER WOLVES,田口淳之介,8.9,2着,,28900,P0269
2026,Aリーグ,レギュラー, 356 ,2026/07/14,22:37:01,SSブルーバーズ,ポテト吉野,-27.5,3着,,12500,P0181
2026,Aリーグ,レギュラー, 356 ,2026/07/14,22:37:01,たちこまーず,シクラメン富男,-50.9,4着,,9100,P0113
2026,Aリーグ,レギュラー, 357 ,2026/07/14,22:38:57,HIVE,せいたろう,66.0,1着,第二試合,46000,P0122
2026,Aリーグ,レギュラー, 357 ,2026/07/14,22:38:57,電光石火,どっち？弾平,19.9,2着,,39900,P0143
2026,Aリーグ,レギュラー, 357 ,2026/07/14,22:38:57,最強位ズ,ブ茶ラティ,-30.9,3着,,9100,P0171
2026,Aリーグ,レギュラー, 357 ,2026/07/14,22:38:57,ＺＯＯ,0rb 01,-55.0,4着,,5000,P0012
2026,Aリーグ,レギュラー, 358 ,2026/07/14,22:40:12,MJ東京,aimoni,63.3,1着,第二試合,43300,P0015
2026,Aリーグ,レギュラー, 358 ,2026/07/14,22:40:12,MJAC愛好会,冬のミルク,0.2,2着,,20200,P0304
2026,Aリーグ,レギュラー, 358 ,2026/07/14,22:40:12,enjoyすればイイ雀！,ブロッケンG,-21.6,3着,,18400,P0170
2026,Aリーグ,レギュラー, 358 ,2026/07/14,22:40:12,レッドリボン軍,なおすけ,-41.9,4着,,18100,P0150
2026,Bリーグ,レギュラー, 359 ,2026/07/14,22:40:52,Brave Revengers,ペン,61.9,1着,第二試合,41900,P0175
2026,Bリーグ,レギュラー, 359 ,2026/07/14,22:40:52,楽しめばイイ雀,くすだま,8.4,2着,,28400,P0098
2026,Bリーグ,レギュラー, 359 ,2026/07/14,22:40:52,La vie en Rose,３１０７,-24.2,3着,,15800,P0013
2026,Bリーグ,レギュラー, 359 ,2026/07/14,22:40:52,他力本願寺,まんまるきや,-46.1,4着,,13900,P0191
2026,Bリーグ,レギュラー, 360 ,2026/07/14,23:31:07,IRU,shige,59.9,1着,第二試合,39900,P0056
2026,Bリーグ,レギュラー, 360 ,2026/07/14,23:31:07,チートイズ,014のりたま,19.2,2着,,39200,P0011
2026,Bリーグ,レギュラー, 360 ,2026/07/14,23:31:07,さわやかMJ野郎の会,Blue-K18,-12.9,3着,,27100,P0018
2026,Bリーグ,レギュラー, 360 ,2026/07/14,23:31:07,Vertice,ゆうー,-66.2,4着,,-6200,P0203
2026,Bリーグ,レギュラー, 361 ,2026/07/16,21:27:48,Vertice,フィーレン,57.9,1着,第一試合,37900,P0164
2026,Bリーグ,レギュラー, 361 ,2026/07/16,21:27:48,他力本願寺,桐生れいか,4.2,2着,,24200,P0252
2026,Bリーグ,レギュラー, 361 ,2026/07/16,21:27:48,おたまーず,エイデン二号機,-18.1,3着,,21900,P0075
2026,Bリーグ,レギュラー, 361 ,2026/07/16,21:27:48,IRU,猪突猛進男,-44.0,4着,,16000,P0299
2026,Bリーグ,レギュラー, 362 ,2026/07/16,21:35:30,チートイズ,dia,64.0,1着,第一試合,44000,P0023
2026,Bリーグ,レギュラー, 362 ,2026/07/16,21:35:30,教室生☆KSC,青ヒゲ危機一髪,18.0,2着,,38000,P0283
2026,Bリーグ,レギュラー, 362 ,2026/07/16,21:35:30,Team MJ lovers,喜多剛士@μ,-16.0,3着,,24000,P0241
2026,Bリーグ,レギュラー, 362 ,2026/07/16,21:35:30,楽しめばイイ雀,捜査一課長,-66.0,4着,,-6000,P0292
2026,Aリーグ,レギュラー, 363 ,2026/07/16,21:45:20,レッドリボン軍,くまさぶろー,82.4,1着,第一試合,62400,P0100
2026,Aリーグ,レギュラー, 363 ,2026/07/16,21:45:20,たちこまーず,ミズゴロウ♂,16.9,2着,,36900,P0193
2026,Aリーグ,レギュラー, 363 ,2026/07/16,21:45:20,武装,アベキング,-18.2,3着,,21800,P0070
2026,Aリーグ,レギュラー, 363 ,2026/07/16,21:45:20,電光石火,ミッキー柳井,-81.1,4着,,-21100,P0194
2026,Aリーグ,レギュラー, 364 ,2026/07/16,21:49:56,SSブルーバーズ,Hara,67.3,1着,第一試合,47300,P0029
2026,Aリーグ,レギュラー, 364 ,2026/07/16,21:49:56,ＺＯＯ,サンタマルコ,8.9,2着,,28900,P0110
2026,Aリーグ,レギュラー, 364 ,2026/07/16,21:49:56,enjoyすればイイ雀！,Blush,-25.4,3着,,14600,P0019
2026,Aリーグ,レギュラー, 364 ,2026/07/16,21:49:56,MJAC愛好会,つかぴー,-50.8,4着,,9200,P0137
2026,Bリーグ,レギュラー, 365 ,2026/07/16,21:51:50,さわやかMJ野郎の会,はなびん,75.9,1着,第一試合,55900,P0159
2026,Bリーグ,レギュラー, 365 ,2026/07/16,21:51:50,La vie en Rose,まんまる,2.7,2着,,22700,P0190
2026,Bリーグ,レギュラー, 365 ,2026/07/16,21:51:50,TEAM AJITO,支援紳士,-22.2,3着,,17800,P0265
2026,Bリーグ,レギュラー, 365 ,2026/07/16,21:51:50,Brave Revengers,りきまーる,-56.4,4着,,3600,P0214
2026,Aリーグ,レギュラー, 366 ,2026/07/16,21:53:59,MJ東京,えんがわ,76.9,1着,第一試合,56900,P0078
2026,Aリーグ,レギュラー, 366 ,2026/07/16,21:53:59,最強位ズ,Hiromu,5.7,2着,,25700,P0030
2026,Aリーグ,レギュラー, 366 ,2026/07/16,21:53:59,SILVER WOLVES,まーくん RMU,-29.8,3着,,10200,P0184
2026,Aリーグ,レギュラー, 366 ,2026/07/16,21:53:59,HIVE,カルア,-52.8,4着,,7200,P0093
2026,Bリーグ,レギュラー, 367 ,2026/07/16,22:24:46,おたまーず,鰤トニー,81.2,1着,第二試合,61200,P0326
2026,Bリーグ,レギュラー, 367 ,2026/07/16,22:24:46,IRU,蒼,4.4,2着,,24400,P0293
2026,Bリーグ,レギュラー, 367 ,2026/07/16,22:24:46,Vertice,フィーレン,-25.6,3着,,14400,P0164
2026,Bリーグ,レギュラー, 367 ,2026/07/16,22:24:46,他力本願寺,とり,-60.0,4着,,0,P0148
2026,Aリーグ,レギュラー, 368 ,2026/07/16,22:24:49,たちこまーず,まぽぽ,59.9,1着,第二試合,39900,P0188
2026,Aリーグ,レギュラー, 368 ,2026/07/16,22:24:49,電光石火,けっけ,12.7,2着,,32700,P0102
2026,Aリーグ,レギュラー, 368 ,2026/07/16,22:24:49,武装,フィクション,-22.8,3着,,17200,P0165
2026,Aリーグ,レギュラー, 368 ,2026/07/16,22:24:49,レッドリボン軍,くまさぶろー,-49.8,4着,,10200,P0100
2026,Bリーグ,レギュラー, 369 ,2026/07/16,22:25:52,TEAM AJITO,TOM,57.3,1着,第二試合,37300,P0057
2026,Bリーグ,レギュラー, 369 ,2026/07/16,22:25:52,Brave Revengers,サブ垢先輩,10.1,2着,,30100,P0109
2026,Bリーグ,レギュラー, 369 ,2026/07/16,22:25:52,さわやかMJ野郎の会,海賊王,-16.7,3着,,23300,P0238
2026,Bリーグ,レギュラー, 369 ,2026/07/16,22:25:52,La vie en Rose,３１０７,-50.7,4着,,9300,P0013
2026,Aリーグ,レギュラー, 370 ,2026/07/16,22:31:43,MJAC愛好会,亜空間コツボー,49.8,1着,第二試合,29800,P0227
2026,Aリーグ,レギュラー, 370 ,2026/07/16,22:31:43,enjoyすればイイ雀！,みや,6.7,2着,,26700,P0195
2026,Aリーグ,レギュラー, 370 ,2026/07/16,22:31:43,ＺＯＯ,ご飯にバター,-17.4,3着,,22600,P0106
2026,Aリーグ,レギュラー, 370 ,2026/07/16,22:31:43,SSブルーバーズ,鈴木正道,-39.1,4着,,20900,P0004
2026,Bリーグ,レギュラー, 371 ,2026/07/16,22:38:20,教室生☆KSC,悠紀子,61.9,1着,第二試合,41900,P0318
2026,Bリーグ,レギュラー, 371 ,2026/07/16,22:38:20,チートイズ,あすてる,9.8,2着,,29800,P0067
2026,Bリーグ,レギュラー, 371 ,2026/07/16,22:38:20,Team MJ lovers,μゆぅちゃん,-24.5,3着,,15500,P0327
2026,Bリーグ,レギュラー, 371 ,2026/07/16,22:38:20,楽しめばイイ雀,Kou,-47.2,4着,,12800,P0038
2026,Aリーグ,レギュラー, 372 ,2026/07/16,22:40:21,HIVE,最後のZ戦士達,54.4,1着,第二試合,34400,P0261
2026,Aリーグ,レギュラー, 372 ,2026/07/16,22:40:21,SILVER WOLVES,石川安牌,11.5,2着,,31500,P0284
2026,Aリーグ,レギュラー, 372 ,2026/07/16,22:40:21,最強位ズ,ダイゴ＠LA,-17.8,3着,,22200,P0130
2026,Aリーグ,レギュラー, 372 ,2026/07/16,22:40:21,MJ東京,キレそう,-48.1,4着,,11900,P0097
2026,Aリーグ,レギュラー, 373 ,2026/07/17,21:29:28,SILVER WOLVES,松崎真也,66.8,1着,第一試合,46800,P0276
2026,Aリーグ,レギュラー, 373 ,2026/07/17,21:29:28,たちこまーず,坊や哲,14.5,2着,,34500,P0310
2026,Aリーグ,レギュラー, 373 ,2026/07/17,21:29:28,MJAC愛好会,ロンリーボーイ,-22.9,3着,,17100,P0224
2026,Aリーグ,レギュラー, 373 ,2026/07/17,21:29:28,enjoyすればイイ雀！,せなmam@,-58.4,4着,,1600,P0124
2026,Aリーグ,レギュラー, 374 ,2026/07/17,21:30:17,HIVE,郷 ひろし,65.0,1着,第一試合,45000,P0250
2026,Aリーグ,レギュラー, 374 ,2026/07/17,21:30:17,SSブルーバーズ,ポテト吉野,24.3,2着,,44300,P0181
2026,Aリーグ,レギュラー, 374 ,2026/07/17,21:30:17,レッドリボン軍,梁瀬健太郎,-28.3,3着,,11700,P0063
2026,Aリーグ,レギュラー, 374 ,2026/07/17,21:30:17,MJ東京,ななね,-61.0,4着,,-1000,P0152
2026,Bリーグ,レギュラー, 375 ,2026/07/17,21:30:18,チートイズ,dia,61.6,1着,第一試合,41600,P0023
2026,Bリーグ,レギュラー, 375 ,2026/07/17,21:30:18,おたまーず,くれば,6.1,2着,,26100,P0101
2026,Bリーグ,レギュラー, 375 ,2026/07/17,21:30:18,TEAM AJITO,TOM,-22.2,3着,,17800,P0057
2026,Bリーグ,レギュラー, 375 ,2026/07/17,21:30:18,Brave Revengers,りゅー,-45.5,4着,,14500,P0215
2026,Aリーグ,レギュラー, 376 ,2026/07/17,21:31:31,武装,乙子,53.4,1着,第一試合,33400,P0236
2026,Aリーグ,レギュラー, 376 ,2026/07/17,21:31:31,最強位ズ,リョータ,5.4,2着,,25400,P0217
2026,Aリーグ,レギュラー, 376 ,2026/07/17,21:31:31,ＺＯＯ,戯言遣い,-17.7,3着,,22300,P0242
2026,Aリーグ,レギュラー, 376 ,2026/07/17,21:31:31,電光石火,魔王,-41.1,4着,,18900,P0312
2026,Bリーグ,レギュラー, 377 ,2026/07/17,21:36:00,楽しめばイイ雀,わたちゃん,92.3,1着,第一試合,72300,P0226
2026,Bリーグ,レギュラー, 377 ,2026/07/17,21:36:00,IRU,uki,-1.0,2着,,19000,P0059
2026,Bリーグ,レギュラー, 377 ,2026/07/17,21:36:00,他力本願寺,灰鶴,-34.2,3着,,5800,P0239
2026,Bリーグ,レギュラー, 377 ,2026/07/17,21:36:00,La vie en Rose,ジョーカー,-57.1,4着,,2900,P0118
2026,Bリーグ,レギュラー, 378 ,2026/07/17,21:36:58,教室生☆KSC,Redstar,61.0,1着,第一試合,41000,P0051
2026,Bリーグ,レギュラー, 378 ,2026/07/17,21:36:58,さわやかMJ野郎の会,海賊王,16.7,2着,,36700,P0238
2026,Bリーグ,レギュラー, 378 ,2026/07/17,21:36:58,Vertice,moka,-17.8,3着,,22200,P0042
2026,Bリーグ,レギュラー, 378 ,2026/07/17,21:36:58,Team MJ lovers,ゆっしー@,-59.9,4着,,100,P0207
2026,Bリーグ,レギュラー, 379 ,2026/07/17,22:31:47,La vie en Rose,ふとふと,70.7,1着,第二試合,50700,P0167
2026,Bリーグ,レギュラー, 379 ,2026/07/17,22:31:47,他力本願寺,桐生れいか,11.4,2着,,31400,P0252
2026,Bリーグ,レギュラー, 379 ,2026/07/17,22:31:47,IRU,奥山瞭,-24.2,3着,,15800,P0216
2026,Bリーグ,レギュラー, 379 ,2026/07/17,22:31:47,楽しめばイイ雀,小四喜大好き,-57.9,4着,,2100,P0272
2026,Bリーグ,レギュラー, 380 ,2026/07/17,22:32:02,Brave Revengers,だーはら,65.7,1着,第二試合,45700,P0129
2026,Bリーグ,レギュラー, 380 ,2026/07/17,22:32:02,おたまーず,鰤トニー,2.2,2着,,22200,P0326
2026,Bリーグ,レギュラー, 380 ,2026/07/17,22:32:02,TEAM AJITO,ｋｅｎ@あじと,-18.2,3着,,21800,P0036
2026,Bリーグ,レギュラー, 380 ,2026/07/17,22:32:02,チートイズ,しげぞー,-49.7,4着,,10300,P0114
2026,Aリーグ,レギュラー, 381 ,2026/07/17,22:33:00,電光石火,どっち？弾平,60.5,1着,第二試合,40500,P0143
2026,Aリーグ,レギュラー, 381 ,2026/07/17,22:33:00,武装,年賀状,17.6,2着,,37600,P0307
2026,Aリーグ,レギュラー, 381 ,2026/07/17,22:33:00,ＺＯＯ,戯言遣い,-19.6,3着,,20400,P0242
2026,Aリーグ,レギュラー, 381 ,2026/07/17,22:33:00,最強位ズ,ｒｒｒｒｒｒ,-58.5,4着,,1500,P0053
2026,Bリーグ,レギュラー, 382 ,2026/07/17,22:33:24,Vertice,みーやん19,62.2,1着,第二試合,42200,P0192
2026,Bリーグ,レギュラー, 382 ,2026/07/17,22:33:24,教室生☆KSC,☆魔雀T塾生☆,7.2,2着,,27200,P0010
2026,Bリーグ,レギュラー, 382 ,2026/07/17,22:33:24,Team MJ lovers,ゆっしー@,-18.8,3着,,21200,P0207
2026,Bリーグ,レギュラー, 382 ,2026/07/17,22:33:24,さわやかMJ野郎の会,ソニア@SMY会,-50.6,4着,,9400,P0127
2026,Aリーグ,レギュラー, 383 ,2026/07/17,22:35:51,SSブルーバーズ,サヴェ松田,64.6,1着,第二試合,44600,P0107
2026,Aリーグ,レギュラー, 383 ,2026/07/17,22:35:51,MJ東京,チン☆パラ,2.7,2着,,22700,P0136
2026,Aリーグ,レギュラー, 383 ,2026/07/17,22:35:51,HIVE,せいたろう,-17.6,3着,,22400,P0122
2026,Aリーグ,レギュラー, 383 ,2026/07/17,22:35:51,レッドリボン軍,レッド総帥,-49.7,4着,,10300,P0221
2026,Aリーグ,レギュラー, 384 ,2026/07/17,22:36:03,たちこまーず,JILL,65.8,1着,第二試合,45800,P0033
2026,Aリーグ,レギュラー, 384 ,2026/07/17,22:36:03,SILVER WOLVES,橋本るり子,20.2,2着,,40200,P0249
2026,Aリーグ,レギュラー, 384 ,2026/07/17,22:36:03,MJAC愛好会,湾奥アングラー,-16.7,3着,,23300,P0323
2026,Aリーグ,レギュラー, 384 ,2026/07/17,22:36:03,enjoyすればイイ雀！,べびたん,-69.3,4着,,-9300,P0173
2026,Bリーグ,レギュラー, 385 ,2026/07/20,21:23:05,Vertice,フィーレン,59.0,1着,第一試合,39000,P0164
2026,Bリーグ,レギュラー, 385 ,2026/07/20,21:23:05,おたまーず,羽田暁音,18.0,2着,,38000,P0232
2026,Bリーグ,レギュラー, 385 ,2026/07/20,21:23:05,楽しめばイイ雀,くすだま,-19.6,3着,,20400,P0098
2026,Bリーグ,レギュラー, 385 ,2026/07/20,21:23:05,Brave Revengers,仇森龍,-57.4,4着,,2600,P0245
2026,Bリーグ,レギュラー, 386 ,2026/07/20,21:34:07,さわやかMJ野郎の会,つよ,69.3,1着,第一試合,49300,P0139
2026,Bリーグ,レギュラー, 386 ,2026/07/20,21:34:07,TEAM AJITO,支援紳士,9.7,2着,,29700,P0265
2026,Bリーグ,レギュラー, 386 ,2026/07/20,21:34:07,La vie en Rose,ポルタ,-16.9,3着,,23100,P0182
2026,Bリーグ,レギュラー, 386 ,2026/07/20,21:34:07,Team MJ lovers,溝渕智也,-62.1,4着,,-2100,P0259
2026,Aリーグ,レギュラー, 387 ,2026/07/20,21:38:32,武装,ゆんゆん,55.9,1着,第一試合,35900,P0210
2026,Aリーグ,レギュラー, 387 ,2026/07/20,21:38:32,電光石火,魔王,6.7,2着,,26700,P0312
2026,Aリーグ,レギュラー, 387 ,2026/07/20,21:38:32,enjoyすればイイ雀！,じゅねこ,-19.3,3着,,20700,P0116
2026,Aリーグ,レギュラー, 387 ,2026/07/20,21:38:32,SSブルーバーズ,ハナノア,-43.3,4着,,16700,P0158
2026,Aリーグ,レギュラー, 388 ,2026/07/20,21:48:15,MJAC愛好会,おかぴー,60.1,1着,第一試合,40100,P0079
2026,Aリーグ,レギュラー, 388 ,2026/07/20,21:48:15,最強位ズ,まびたん,7.3,2着,,27300,P0187
2026,Aリーグ,レギュラー, 388 ,2026/07/20,21:48:15,SILVER WOLVES,阿賀寿直,-18.1,3着,,21900,P0228
2026,Aリーグ,レギュラー, 388 ,2026/07/20,21:48:15,MJ東京,チン☆パラ,-49.3,4着,,10700,P0136
2026,Aリーグ,レギュラー, 389 ,2026/07/20,21:51:25,レッドリボン軍,とと,52.7,1着,第一試合,32700,P0144
2026,Aリーグ,レギュラー, 389 ,2026/07/20,21:51:25,ＺＯＯ,すー,11.2,2着,,31200,P0121
2026,Aリーグ,レギュラー, 389 ,2026/07/20,21:51:25,HIVE,郷 ひろし,-15.1,3着,,24900,P0250
2026,Aリーグ,レギュラー, 389 ,2026/07/20,21:51:25,たちこまーず,坊や哲,-48.8,4着,,11200,P0310
2026,Bリーグ,レギュラー, 390 ,2026/07/20,22:00:11,チートイズ,しげぞー,67.3,1着,第一試合,47300,P0114
2026,Bリーグ,レギュラー, 390 ,2026/07/20,22:00:11,IRU,uki,19.2,2着,,39200,P0059
2026,Bリーグ,レギュラー, 390 ,2026/07/20,22:00:11,教室生☆KSC,元教室生タク,-17.8,3着,,22200,P0255
2026,Bリーグ,レギュラー, 390 ,2026/07/20,22:00:11,他力本願寺,YOU太郎,-68.7,4着,,-8700,P0064
2026,Aリーグ,レギュラー, 391 ,2026/07/20,22:32:58,電光石火,どっち？弾平,52.7,1着,第二試合,32700,P0143
2026,Aリーグ,レギュラー, 391 ,2026/07/20,22:32:58,SSブルーバーズ,きめっち,10.8,2着,,30800,P0095
2026,Aリーグ,レギュラー, 391 ,2026/07/20,22:32:58,武装,ゆんゆん,-16.6,3着,,23400,P0210
2026,Aリーグ,レギュラー, 391 ,2026/07/20,22:32:58,enjoyすればイイ雀！,せなmam@,-46.9,4着,,13100,P0124
2026,Bリーグ,レギュラー, 392 ,2026/07/20,22:39:33,おたまーず,羽田暁音,64.9,1着,第二試合,44900,P0232
2026,Bリーグ,レギュラー, 392 ,2026/07/20,22:39:33,楽しめばイイ雀,小四喜大好き,22.4,2着,,42400,P0272
2026,Bリーグ,レギュラー, 392 ,2026/07/20,22:39:33,Vertice,フィーレン,-29.5,3着,,10500,P0164
2026,Bリーグ,レギュラー, 392 ,2026/07/20,22:39:33,Brave Revengers,ペン,-57.8,4着,,2200,P0175
2026,Aリーグ,レギュラー, 393 ,2026/07/20,22:41:51,ＺＯＯ,サンタマルコ,80.7,1着,第二試合,60700,P0110
2026,Aリーグ,レギュラー, 393 ,2026/07/20,22:41:51,たちこまーず,よつば@tobi,3.0,2着,,23000,P0211
2026,Aリーグ,レギュラー, 393 ,2026/07/20,22:41:51,レッドリボン軍,レッド総帥,-28.0,3着,,12000,P0221
2026,Aリーグ,レギュラー, 393 ,2026/07/20,22:41:51,HIVE,せいたろう,-55.7,4着,,4300,P0122
2026,Bリーグ,レギュラー, 394 ,2026/07/20,22:46:24,TEAM AJITO,KGRS,59.1,1着,第二試合,39100,P0037
2026,Bリーグ,レギュラー, 394 ,2026/07/20,22:46:24,Team MJ lovers,小林宏康,10.0,2着,,30000,P0275
2026,Bリーグ,レギュラー, 394 ,2026/07/20,22:46:24,さわやかMJ野郎の会,パイ乙戦士全ツ,-23.9,3着,,16100,P0156
2026,Bリーグ,レギュラー, 394 ,2026/07/20,22:46:24,La vie en Rose,ふとふと,-45.2,4着,,14800,P0167
2026,Bリーグ,レギュラー, 395 ,2026/07/20,22:47:44,教室生☆KSC,Redstar,70.9,1着,第二試合,50900,P0051
2026,Bリーグ,レギュラー, 395 ,2026/07/20,22:47:44,IRU,？？？？？,16.4,2着,,36400,P0001
2026,Bリーグ,レギュラー, 395 ,2026/07/20,22:47:44,他力本願寺,たくおっち,-19.0,3着,,21000,P0132
2026,Bリーグ,レギュラー, 395 ,2026/07/20,22:47:44,チートイズ,じんぱぱ,-68.3,4着,,-8300,P0120
2026,Aリーグ,レギュラー, 396 ,2026/07/20,22:52:38,MJ東京,Mychemi,56.8,1着,第二試合,36800,P0044
2026,Aリーグ,レギュラー, 396 ,2026/07/20,22:52:38,SILVER WOLVES,橋本るり子,6.5,2着,,26500,P0249
2026,Aリーグ,レギュラー, 396 ,2026/07/20,22:52:38,MJAC愛好会,おかぴー,-13.6,3着,,26400,P0079
2026,Aリーグ,レギュラー, 396 ,2026/07/20,22:52:38,最強位ズ,まびたん,-49.7,4着,,10300,P0187
2026,Bリーグ,セミファイナル, 397 ,2026/07/27,21:38:48,さわやかMJ野郎の会,はなびん,75.4,1着,第一試合,55400,P0159
2026,Bリーグ,セミファイナル, 397 ,2026/07/27,21:38:48,Team MJ lovers,ysk,20.2,2着,,40200,P0065
2026,Bリーグ,セミファイナル, 397 ,2026/07/27,21:38:48,チートイズ,dia,-21.6,3着,,18400,P0023
2026,Bリーグ,セミファイナル, 397 ,2026/07/27,21:38:48,教室生☆KSC,Redstar,-74.0,4着,,-14000,P0051
2026,Aリーグ,セミファイナル, 398 ,2026/07/27,21:45:30,電光石火,ミッキー柳井,58.1,1着,第一試合,38100,P0194
2026,Aリーグ,セミファイナル, 398 ,2026/07/27,21:45:30,SILVER WOLVES,まーくん RMU,15.3,2着,,35300,P0184
2026,Aリーグ,セミファイナル, 398 ,2026/07/27,21:45:30,MJ東京,J,-17.7,3着,,22300,P0032
2026,Aリーグ,セミファイナル, 398 ,2026/07/27,21:45:30,ＺＯＯ,rinruka,-55.7,4着,,4300,P0052
2026,Bリーグ,セミファイナル, 399 ,2026/07/27,22:29:50,チートイズ,しげぞー,57.8,1着,第二試合,37800,P0114
2026,Bリーグ,セミファイナル, 399 ,2026/07/27,22:29:50,さわやかMJ野郎の会,★月刃★,2.9,2着,,22900,P0006
2026,Bリーグ,セミファイナル, 399 ,2026/07/27,22:29:50,Team MJ lovers,ysk,-18.0,3着,,22000,P0065
2026,Bリーグ,セミファイナル, 399 ,2026/07/27,22:29:50,教室生☆KSC,悠紀子,-42.7,4着,,17300,P0318
2026,Aリーグ,セミファイナル, 400 ,2026/07/27,22:31:58,SILVER WOLVES,石川安牌,53.0,1着,第二試合,33000,P0284
2026,Aリーグ,セミファイナル, 400 ,2026/07/27,22:31:58,ＺＯＯ,戯言遣い,12.6,2着,,32600,P0242
2026,Aリーグ,セミファイナル, 400 ,2026/07/27,22:31:58,MJ東京,葛餅,-19.2,3着,,20800,P0240
2026,Aリーグ,セミファイナル, 400 ,2026/07/27,22:31:58,電光石火,けっけ,-46.4,4着,,13600,P0102
2026,Aリーグ,セミファイナル, 401 ,2026/07/28,21:39:24,最強位ズ,Hiromu,80.3,1着,第一試合,60300,P0030
2026,Aリーグ,セミファイナル, 401 ,2026/07/28,21:39:24,武装,アベキング,10.0,2着,,30000,P0070
2026,Aリーグ,セミファイナル, 401 ,2026/07/28,21:39:24,SILVER WOLVES,店長倍損の上司,-25.1,3着,,14900,P0302
2026,Aリーグ,セミファイナル, 401 ,2026/07/28,21:39:24,ＺＯＯ,すー,-65.2,4着,,-5200,P0121
2026,Bリーグ,セミファイナル, 402 ,2026/07/28,21:46:23,Brave Revengers,りきまーる,55.5,1着,第一試合,35500,P0214
2026,Bリーグ,セミファイナル, 402 ,2026/07/28,21:46:23,おたまーず,エイデン二号機,11.7,2着,,31700,P0075
2026,Bリーグ,セミファイナル, 402 ,2026/07/28,21:46:23,さわやかMJ野郎の会,黙示録@SMY会,-21.9,3着,,18100,P0316
2026,Bリーグ,セミファイナル, 402 ,2026/07/28,21:46:23,Team MJ lovers,喜多剛士@μ,-45.3,4着,,14700,P0241
2026,Bリーグ,セミファイナル, 403 ,2026/07/28,22:24:59,さわやかMJ野郎の会,ソニア@SMY会,58.1,1着,第二試合,38100,P0127
2026,Bリーグ,セミファイナル, 403 ,2026/07/28,22:24:59,Team MJ lovers,喜多剛士@μ,13.1,2着,,33100,P0241
2026,Bリーグ,セミファイナル, 403 ,2026/07/28,22:24:59,おたまーず,樹央,-15.8,3着,,24200,P0268
2026,Bリーグ,セミファイナル, 403 ,2026/07/28,22:24:59,Brave Revengers,ペン,-55.4,4着,,4600,P0175
2026,Aリーグ,セミファイナル, 404 ,2026/07/28,22:51:48,最強位ズ,ねこます,82.4,1着,第二試合,62400,P0155
2026,Aリーグ,セミファイナル, 404 ,2026/07/28,22:51:48,SILVER WOLVES,橋本るり子,16.4,2着,,36400,P0249
2026,Aリーグ,セミファイナル, 404 ,2026/07/28,22:51:48,ＺＯＯ,Bu Ki Chi,-29.4,3着,,10600,P0020
2026,Aリーグ,セミファイナル, 404 ,2026/07/28,22:51:48,武装,フィクション,-69.4,4着,,-9400,P0165
2026,Aリーグ,セミファイナル, 405 ,2026/07/30,21:31:58,電光石火,k-k,52.8,1着,第一試合,32800,P0034
2026,Aリーグ,セミファイナル, 405 ,2026/07/30,21:31:58,武装,しんじゃうツモ,9.3,2着,,29300,P0119
2026,Aリーグ,セミファイナル, 405 ,2026/07/30,21:31:58,MJ東京,えんがわ,-15.2,3着,,24800,P0078
2026,Aリーグ,セミファイナル, 405 ,2026/07/30,21:31:58,最強位ズ,ブ茶ラティ,-46.9,4着,,13100,P0171
2026,Bリーグ,セミファイナル, 406 ,2026/07/30,21:31:58,Brave Revengers,サブ垢先輩,72.1,1着,第一試合,52100,P0109
2026,Bリーグ,セミファイナル, 406 ,2026/07/30,21:31:58,チートイズ,あすてる,11.6,2着,,31600,P0067
2026,Bリーグ,セミファイナル, 406 ,2026/07/30,21:31:58,教室生☆KSC,青ヒゲ危機一髪,-11.8,3着,,28200,P0283
2026,Bリーグ,セミファイナル, 406 ,2026/07/30,21:31:58,おたまーず,くれば,-71.9,4着,,-11900,P0101
2026,Bリーグ,セミファイナル, 407 ,2026/07/30,22:25:32,おたまーず,鰤トニー,61.0,1着,第二試合,41000,P0326
2026,Bリーグ,セミファイナル, 407 ,2026/07/30,22:25:32,教室生☆KSC,悠紀子,9.2,2着,,29200,P0318
2026,Bリーグ,セミファイナル, 407 ,2026/07/30,22:25:32,チートイズ,しげぞー,-16.2,3着,,23800,P0114
2026,Bリーグ,セミファイナル, 407 ,2026/07/30,22:25:32,Brave Revengers,nesre,-54.0,4着,,6000,P0047
2026,Aリーグ,セミファイナル, 408 ,2026/07/30,22:36:32,MJ東京,Mychemi,61.4,1着,第二試合,41400,P0044
2026,Aリーグ,セミファイナル, 408 ,2026/07/30,22:36:32,電光石火,どっち？弾平,18.6,2着,,38600,P0143
2026,Aリーグ,セミファイナル, 408 ,2026/07/30,22:36:32,武装,赤哲,-20.1,3着,,19900,P0288
2026,Aリーグ,セミファイナル, 408 ,2026/07/30,22:36:32,最強位ズ,ｒｒｒｒｒｒ,-59.9,4着,,100,P0053
2026,Bリーグ,セミファイナル, 409 ,2026/07/31,21:17:08,チートイズ,公務員麻雀M,70.1,1着,第一試合,50100,P0258
2026,Bリーグ,セミファイナル, 409 ,2026/07/31,21:17:08,おたまーず,羽田暁音,9.6,2着,,29600,P0232
2026,Bリーグ,セミファイナル, 409 ,2026/07/31,21:17:08,さわやかMJ野郎の会,黒太郎@SMY会,-27.4,3着,,12600,P0260
2026,Bリーグ,セミファイナル, 409 ,2026/07/31,21:17:08,Brave Revengers,みり,-52.3,4着,,7700,P0196
2026,Aリーグ,セミファイナル, 410 ,2026/07/31,21:38:05,最強位ズ,リョータ,58.7,1着,第一試合,38700,P0217
2026,Aリーグ,セミファイナル, 410 ,2026/07/31,21:38:05,武装,年賀状,17.6,2着,,37600,P0307
2026,Aリーグ,セミファイナル, 410 ,2026/07/31,21:38:05,SILVER WOLVES,松崎真也,-24.6,3着,,15400,P0276
2026,Aリーグ,セミファイナル, 410 ,2026/07/31,21:38:05,MJ東京,キラ、,-51.7,4着,,8300,P0096
2026,Bリーグ,セミファイナル, 411 ,2026/07/31,22:35:13,Brave Revengers,りゅー,90.1,1着,第二試合,70100,P0215
2026,Bリーグ,セミファイナル, 411 ,2026/07/31,22:35:13,さわやかMJ野郎の会,海賊王,13.6,2着,,33600,P0238
2026,Bリーグ,セミファイナル, 411 ,2026/07/31,22:35:13,おたまーず,羽田暁音,-21.9,3着,,18100,P0232
2026,Bリーグ,セミファイナル, 411 ,2026/07/31,22:35:13,チートイズ,014のりたま,-81.8,4着,,-21800,P0011
2026,Aリーグ,セミファイナル, 412 ,2026/07/31,22:46:19,最強位ズ,まびたん,80.2,1着,第二試合,60200,P0187
2026,Aリーグ,セミファイナル, 412 ,2026/07/31,22:46:19,MJ東京,チン☆パラ,2.9,2着,,22900,P0136
2026,Aリーグ,セミファイナル, 412 ,2026/07/31,22:46:19,SILVER WOLVES,上野あいみ,-19.2,3着,,20800,P0279
2026,Aリーグ,セミファイナル, 412 ,2026/07/31,22:46:19,武装,乙子,-63.9,4着,,-3900,P0236
2026,Bリーグ,セミファイナル, 413 ,2026/08/03,21:38:54,さわやかMJ野郎の会,パイ乙戦士全ツ,63.3,1着,第一試合,43300,P0156
2026,Bリーグ,セミファイナル, 413 ,2026/08/03,21:38:54,Team MJ lovers,溝渕智也,10.1,2着,,30100,P0259
2026,Bリーグ,セミファイナル, 413 ,2026/08/03,21:38:54,教室生☆KSC,元教室生タク,-13.0,3着,,27000,P0255
2026,Bリーグ,セミファイナル, 413 ,2026/08/03,21:38:54,Brave Revengers,みり,-60.4,4着,,-400,P0196
2026,Aリーグ,セミファイナル, 414 ,2026/08/03,21:39:48,SILVER WOLVES,阿賀寿直,67.3,1着,第一試合,47300,P0228
2026,Aリーグ,セミファイナル, 414 ,2026/08/03,21:39:48,ＺＯＯ,すー,1.3,2着,,21300,P0121
2026,Aリーグ,セミファイナル, 414 ,2026/08/03,21:39:48,武装,ゆんゆん,-18.8,3着,,21200,P0210
2026,Aリーグ,セミファイナル, 414 ,2026/08/03,21:39:48,電光石火,魔王,-49.8,4着,,10200,P0312
2026,Aリーグ,セミファイナル, 415 ,2026/08/03,22:39:47,武装,とむとむ,52.5,1着,第二試合,32500,P0146
2026,Aリーグ,セミファイナル, 415 ,2026/08/03,22:39:47,ＺＯＯ,ご飯にバター,7.2,2着,,27200,P0106
2026,Aリーグ,セミファイナル, 415 ,2026/08/03,22:39:47,電光石火,EmperorTime,-17.5,3着,,22500,P0024
2026,Aリーグ,セミファイナル, 415 ,2026/08/03,22:39:47,SILVER WOLVES,まーくん RMU,-42.2,4着,,17800,P0184
2026,Bリーグ,セミファイナル, 416 ,2026/08/03,22:40:28,教室生☆KSC,☆魔雀T塾生☆,71.5,1着,第二試合,51500,P0010
2026,Bリーグ,セミファイナル, 416 ,2026/08/03,22:40:28,Team MJ lovers,中出雄介,1.2,2着,,21200,P0298
2026,Bリーグ,セミファイナル, 416 ,2026/08/03,22:40:28,さわやかMJ野郎の会,Blue-K18,-25.6,3着,,14400,P0018
2026,Bリーグ,セミファイナル, 416 ,2026/08/03,22:40:28,Brave Revengers,りゅー,-47.1,4着,,12900,P0215